set_id,score_qwen,score_gemma,rank_qwen,rank_gemma,combined_rank,rank_gap,score_gap,temperature_c,temp_bin,met_value,met_bin,activity,occasion_bin,style_bin,generated_title,generated_no_weather,generated_no_occasion,generated_no_style,original_text,audit_stratum,sample_rule,sample_order
175762493,0.0,1.0,7.114602009163608e-05,0.6477560545263098,0.3239136002732007,0.6476849085062182,1.0,1.7,cold (<12 degC),1.0,low activity (<1.3 MET),"Sitting in church, in service, attending a ceremony, sitting quietly",other/unclear,other/unclear,"1.7000000000000002° C, Cozy winter city stroll with friends in luxe layers",Cozy city stroll friends luxe layers,"1.7000000000000002° C, Cozy winter luxe layers","1.7000000000000002° C, winter city stroll friends",new season stars for all Shopping With Friends,conflict,rank_gap >= 0.5 or score_gap >= 0.25,1
187045406,1.0,0.6666666666666666,0.8985600045533453,0.019650530749309884,0.4591052676513276,0.8789094738040354,0.33333333333333337,20.0,mild (18-24 degC),1.5,moderate activity (1.3-1.6 MET),"Walking, with a walker or step-to gait on treadmill, 0.7 mph (1.1 km/h), 0% grade",outdoor/travel,minimal/classic,"-10.0° C, Preppy & Cozy Layered Look for a Chic City Walk",Preppy & Cozy Layered Look Chic City Walk,"10.0° C, Preppy & Cozy Layered Look Chic","10.0° C, Chic City Walk",preppy twist,conflict,rank_gap >= 0.5 or score_gap >= 0.25,2
206997605,1.0,0.36363636363636365,0.8985600045533453,0.0027604655795554797,0.45066023506645037,0.8957995389737898,0.6363636363636364,22.9,mild (18-24 degC),1.0,low activity (<1.3 MET),"Sitting in church, in service, attending a ceremony, sitting quietly",evening/event,elegant/romantic,"22.9° C, Evening Glam: A Velvet Dress & Statement Jewelry Look",Evening Glam: A Velvet Dress & Statement Jewelry Look,"22.9° C, Glam: A Velvet Dress & Statement Jewelry Look","22.9° C, Evening",burnt orange Velvet Dresses,conflict,rank_gap >= 0.5 or score_gap >= 0.25,3
212444422,1.0,0.5151515151515151,0.8985600045533453,0.010643444605708756,0.454601724579527,0.8879165599476365,0.48484848484848486,21.9,mild (18-24 degC),1.5,moderate activity (1.3-1.6 MET),"Walking, with a walker or step-to gait on treadmill, 0.7 mph (1.1 km/h), 0% grade",casual/daily,casual/street,"21.9° C, Effortless Street Style - Cozy Joggers for a Relaxed Day",Effortless Street Style - Cozy Joggers Relaxed Day,"21.9° C, Effortless Street Style - Cozy Joggers","21.9° C, - Relaxed Day",its jogging time 22 Joggers,conflict,rank_gap >= 0.5 or score_gap >= 0.25,4
213569484,1.0,0.3939393939393939,0.8985600045533453,0.003969947921113293,0.4512649762372293,0.894590056632232,0.6060606060606061,22.0,mild (18-24 degC),1.0,low activity (<1.3 MET),"Sitting in church, in service, attending a ceremony, sitting quietly",evening/event,dark/edgy,"22.0° C, Dark Star Movie Night Ensemble – Cozy layers for a cinematic evening",Dark Star Movie Night Ensemble – Cozy layers cinematic evening,"22.0° C, Dark Star Ensemble – Cozy layers","22.0° C, Movie Night – cinematic evening",movie night Movie Night,conflict,rank_gap >= 0.5 or score_gap >= 0.25,5
218370600,1.0,0.3939393939393939,0.8985600045533453,0.003969947921113293,0.4512649762372293,0.894590056632232,0.6060606060606061,25.8,warm/hot (>=24 degC),1.0,low activity (<1.3 MET),"Sitting in church, in service, attending a ceremony, sitting quietly",outdoor/travel,elegant/romantic,"25.8° C, Dark Caribbean Mystery – A lace and corset vacation ensemble",Dark Caribbean Mystery – A lace and corset vacation ensemble,"25.8° C, Dark Caribbean Mystery – A lace and corset ensemble","25.8° C, – A vacation",caribbean getaway Caribbean Vacation,conflict,rank_gap >= 0.5 or score_gap >= 0.25,6
225175559,0.45454545454545453,1.0,0.01967898915734654,0.6477560545263098,0.3337175218418282,0.6280770653689632,0.5454545454545454,16.6,cool (12-18 degC),1.8,higher activity (>=1.6 MET),"Sitting in church, talking or singing, attending a ceremony, sitting, active participation",evening/event,boho/beach,"17°C, dreamy floral dress and fringe details for a festive summer evening",dreamy floral dress and fringe details festive,"17°C, dreamy floral dress and fringe details festive summer evening","17°C, and festive summer evening",summer floral dress time,conflict,rank_gap >= 0.5 or score_gap >= 0.25,7
53820793,0.36363636363636365,1.0,0.009747004752554142,0.6477560545263098,0.328751529639432,0.6380090497737556,0.6363636363636364,21.1,mild (18-24 degC),1.0,low activity (<1.3 MET),"Sitting in church, in service, attending a ceremony, sitting quietly",formal/work,sporty/active,"21.1° C, Effortless Pilates Style – Cozy Layers for a Relaxed Workout",Effortless Pilates Style – Cozy Layers Relaxed Workout,"21.1° C, Effortless Pilates Style – Cozy Layers Relaxed","21.1° C, – Relaxed Workout",leaving pilates class in hollywood Pilates Class,conflict,rank_gap >= 0.5 or score_gap >= 0.25,8
82006848,1.0,0.36363636363636365,0.8985600045533453,0.0027604655795554797,0.45066023506645037,0.8957995389737898,0.6363636363636364,15.1,cool (12-18 degC),1.0,low activity (<1.3 MET),"Sitting in church, in service, attending a ceremony, sitting quietly",other/unclear,other/unclear,"15.1° C, Vibrant Holiday Run Outfit – Bright Colors & Comfortable Layers",Vibrant Holiday Run Outfit – Bright Colors & Comfortable Layers,"15.1° C, Vibrant Outfit – Bright Colors & Comfortable Layers","15.1° C, Holiday Run Outfit –",stand against bullying Holiday Fun Run,conflict,rank_gap >= 0.5 or score_gap >= 0.25,9
86012987,1.0,0.3333333333333333,0.8985600045533453,0.0017501920942542474,0.45015509832379974,0.8968098124590911,0.6666666666666667,21.7,mild (18-24 degC),1.0,low activity (<1.3 MET),"Sitting in church, in service, attending a ceremony, sitting quietly",other/unclear,casual/street,"21.7° C, Dreamy Quinceañera Guest Look with Denim and Pearls",Dreamy Quinceañera Guest Look Denim and Pearls,"21.7° C, Dreamy Denim and Pearls","21.7° C, Quinceañera Guest Look",guest at quinceanera Quinceañera Guest,conflict,rank_gap >= 0.5 or score_gap >= 0.25,10
178417522,1.0,1.0,0.8985600045533453,0.6477560545263098,0.7731580295398275,0.2508039500270355,0.0,16.2,cool (12-18 degC),1.5,moderate activity (1.3-1.6 MET),"Walking, with a walker or step-to gait on treadmill, 0.7 mph (1.1 km/h), 0% grade",casual/daily,casual/street,"16°C, Cozy Corn Maze Vibes – Hipster Casual with Delicate Details",Cozy Corn Maze Vibes – Hipster Casual Delicate Details,"16°C, Cozy Vibes – Hipster Casual Delicate Details","16°C, Corn Maze Vibes –",corn maze Corn Maze,high,top 25% by combined_rank and rank_gap <= 0.35,11
180525625,1.0,1.0,0.8985600045533453,0.6477560545263098,0.7731580295398275,0.2508039500270355,0.0,22.3,mild (18-24 degC),1.0,low activity (<1.3 MET),"Sitting in church, in service, attending a ceremony, sitting quietly",evening/event,dark/edgy,"22.3° C, Evening Noir: Leather Gloves and a Dramatic Slip Dress",Evening Noir: Leather Gloves and a Dramatic Slip Dress,"22.3° C, Noir: Leather Gloves and a Dramatic Slip Dress","22.3° C, Evening",la vie est belle Cutout Leather Gloves,high,top 25% by combined_rank and rank_gap <= 0.35,12
182550457,1.0,1.0,0.8985600045533453,0.6477560545263098,0.7731580295398275,0.2508039500270355,0.0,11.0,cold (<12 degC),1.3,moderate activity (1.3-1.6 MET),"Sitting, meeting, general, and/or with talking involved",formal/work,other/unclear,"11.0° C, Cozy Coffee Meeting Style – Leopard Heels & Checked Blazer",Cozy Coffee Meeting Style – Leopard Heels & Checked Blazer,"11.0° C, Cozy Style – Leopard Heels & Checked Blazer","11.0° C, Coffee Meeting Style –",meeting for coffee Coffee Meeting,high,top 25% by combined_rank and rank_gap <= 0.35,13
202122212,1.0,1.0,0.8985600045533453,0.6477560545263098,0.7731580295398275,0.2508039500270355,0.0,21.5,mild (18-24 degC),1.3,moderate activity (1.3-1.6 MET),Riding in a car or truck,outdoor/travel,minimal/classic,"5°C, preppy travel ensemble for a sophisticated afternoon stroll",preppy travel ensemble sophisticated afternoon stroll,"5°C, preppy travel ensemble sophisticated","5°C, afternoon stroll",preppy stripes,high,top 25% by combined_rank and rank_gap <= 0.35,14
206715568,1.0,1.0,0.8985600045533453,0.6477560545263098,0.7731580295398275,0.2508039500270355,0.0,25.0,warm/hot (>=24 degC),1.0,low activity (<1.3 MET),"Sitting in church, in service, attending a ceremony, sitting quietly",other/unclear,sporty/active,"25.0° C, Effortless Activewear for a Warm-Weather Run",Effortless Activewear Run,"25.0° C, Effortless Activewear Warm-Weather","25.0° C, Warm-Weather Run",sporty style Sporty Leggings,high,top 25% by combined_rank and rank_gap <= 0.35,15
211237284,1.0,1.0,0.8985600045533453,0.6477560545263098,0.7731580295398275,0.2508039500270355,0.0,25.0,warm/hot (>=24 degC),1.0,low activity (<1.3 MET),"Sitting in church, in service, attending a ceremony, sitting quietly",casual/daily,elegant/romantic,"25.0° C, Effortless off-the-shoulder style with a chic crossbody bag for a relaxed day out.",Effortless off-the-shoulder style chic crossbody bag relaxed day out.,"25.0° C, Effortless off-the-shoulder style chic crossbody bag relaxed .","25.0° C, relaxed day out.",shein 16 black belted off Scalloped Handbags,high,top 25% by combined_rank and rank_gap <= 0.35,16
222746237,1.0,1.0,0.8985600045533453,0.6477560545263098,0.7731580295398275,0.2508039500270355,0.0,22.7,mild (18-24 degC),1.0,low activity (<1.3 MET),"Sitting in church, in service, attending a ceremony, sitting quietly",outdoor/travel,boho/beach,"22.7° C, breezy beach vibes with a playful swimsuit and straw accessories",beach vibes playful swimsuit and straw accessories,"22.7° C, breezy playful swimsuit and straw accessories","22.7° C, breezy beach vibes",swimsuit Striped Swimsuits,high,top 25% by combined_rank and rank_gap <= 0.35,17
224932383,1.0,1.0,0.8985600045533453,0.6477560545263098,0.7731580295398275,0.2508039500270355,0.0,22.9,mild (18-24 degC),1.0,low activity (<1.3 MET),"Sitting in church, in service, attending a ceremony, sitting quietly",casual/daily,elegant/romantic,"23°C, playful polka dot vibes with a feline touch for a chic, breezy day out","playful polka dot vibes feline touch chic, out","23°C, playful polka dot vibes feline touch chic, breezy","23°C, , breezy day out",spot cat,high,top 25% by combined_rank and rank_gap <= 0.35,18
225133485,1.0,1.0,0.8985600045533453,0.6477560545263098,0.7731580295398275,0.2508039500270355,0.0,21.0,mild (18-24 degC),1.8,higher activity (>=1.6 MET),"Sitting in church, talking or singing, attending a ceremony, sitting, active participation",evening/event,elegant/romantic,"21°C, dreamy purple evening look for a sophisticated soirée",dreamy purple evening look sophisticated soirée,"21°C, dreamy purple evening look","21°C, sophisticated soirée",purple passion,high,top 25% by combined_rank and rank_gap <= 0.35,19
225246911,1.0,1.0,0.8985600045533453,0.6477560545263098,0.7731580295398275,0.2508039500270355,0.0,22.9,mild (18-24 degC),1.0,low activity (<1.3 MET),"Sitting in church, in service, attending a ceremony, sitting quietly",other/unclear,casual/street,"23°C, effortlessly cool denim jacket and playful prints for a breezy city stroll",effortlessly cool denim jacket and playful prints city stroll,"23°C, effortlessly cool denim jacket and playful prints breezy","23°C, and breezy city stroll",denim jacket,high,top 25% by combined_rank and rank_gap <= 0.35,20
146086172,0.0,0.36363636363636365,7.114602009163608e-05,0.0027604655795554797,0.0014158057998235579,0.0026893195594638437,0.36363636363636365,-10.3,cold (<12 degC),5.0,higher activity (>=1.6 MET),"Ballet, modern, or jazz general, rehearsal or class",evening/event,elegant/romantic,"-38.0° C, Cozy Velvet Nights: A Dramatic Winter Ensemble",Cozy Velvet Nights: A Dramatic Ensemble,"38.0° C, Cozy Velvet: A Dramatic Winter Ensemble","38.0° C, Nights",velvet bag Velvet Boots,low,bottom 25% by combined_rank and rank_gap <= 0.35,21
158633248,0.13636363636363635,0.24242424242424243,0.0007399186089530152,0.0002703548763482171,0.0005051367426506161,0.0004695637326047981,0.10606060606060608,22.6,mild (18-24 degC),1.0,low activity (<1.3 MET),"Sitting in church, in service, attending a ceremony, sitting quietly",evening/event,other/unclear,"6°C, Sunset stroll in a vibrant, flowing dress – perfect for a warm evening adventure.","Sunset stroll vibrant, flowing dress – perfect adventure.","6°C, Sunset vibrant, flowing dress – perfect warm evening .","6°C, Sunset stroll – perfect warm evening adventure.",you want to ride that Roller Coaster Ride,low,bottom 25% by combined_rank and rank_gap <= 0.35,22
184137277,0.18181818181818182,0.30303030303030304,0.001465608013887703,0.0011098779134295228,0.001287742963658613,0.00035573010045818025,0.12121212121212122,-55.0,cold (<12 degC),15.0,higher activity (>=1.6 MET),"Running, stairs, up",other/unclear,sporty/active,"55°C, Running through a frosty fairytale in leggings and a tutu",Running through a fairytale leggings and a tutu,"55°C, through a frosty leggings and a tutu","55°C, Running through a frosty fairytale",just walked 5k like flawless Run a 5K,low,bottom 25% by combined_rank and rank_gap <= 0.35,23
193231221,0.3181818181818182,0.42424242424242425,0.0057343692193858676,0.004923304590341216,0.005328836904863542,0.0008110646290446517,0.10606060606060608,1.4,cold (<12 degC),3.5,higher activity (>=1.6 MET),"Bicycling, leisure 5.5 mph",other/unclear,dark/edgy,"1.4° C, Cozy Winter Vibes: Dark denim, floral accents, and a comfy tee for chilly days","Cozy Vibes: Dark denim, floral accents, and a comfy tee","1.4° C, Cozy Winter Vibes: Dark denim, floral accents, and a comfy tee chilly days","1.4° C, :, , and a chilly days",high tops Glitter Tops,low,bottom 25% by combined_rank and rank_gap <= 0.35,24
195054948,0.0,0.36363636363636365,7.114602009163608e-05,0.0027604655795554797,0.0014158057998235579,0.0026893195594638437,0.36363636363636365,-36.7,cold (<12 degC),7.8,higher activity (>=1.6 MET),"Backpacking,  hiking with a daypack, organized walking with daypack",evening/event,other/unclear,"-36.7° C, A Jedi’s Winter Wardrobe: Layered warmth for a galactic adventure",Jedi’s Wardrobe: Layered warmth galactic adventure,"36.7° C, A Jedi’s Winter Wardrobe: Layered warmth","36.7° C, A Jedi’s Winter Wardrobe galactic adventure",star wars force awakens Star Wars Outfits,low,bottom 25% by combined_rank and rank_gap <= 0.35,25
198494269,0.36363636363636365,0.3939393939393939,0.009747004752554142,0.003969947921113293,0.006858476336833718,0.005777056831440849,0.030303030303030276,15.6,cool (12-18 degC),1.8,higher activity (>=1.6 MET),"Sitting in church, talking or singing, attending a ceremony, sitting, active participation",casual/daily,elegant/romantic,"16°C, Effortless Gray Pantsuit Chic for a Cool Day Out",Effortless Gray Pantsuit Chic Out,"16°C, Effortless Gray Pantsuit Chic Cool","16°C, Cool Day Out",pantsuit Gray Pantsuits,low,bottom 25% by combined_rank and rank_gap <= 0.35,26
203011830,0.36363636363636365,0.5757575757575758,0.009747004752554142,0.013560431429465836,0.011653718091009988,0.0038134266769116933,0.21212121212121215,27.5,warm/hot (>=24 degC),1.0,low activity (<1.3 MET),"Sitting in church, in service, attending a ceremony, sitting quietly",other/unclear,minimal/classic,"5°C, Effortless Chic for Warm Days - A Modern Minimalist Look",Effortless Chic - A Modern Minimalist Look,"5°C, Effortless Chic Warm Days - A Modern Minimalist Look","5°C, Warm Days",dlr Wedge Sneakers,low,bottom 25% by combined_rank and rank_gap <= 0.35,27
204669155,0.13636363636363635,0.3333333333333333,0.0007399186089530152,0.0017501920942542474,0.0012450553516036313,0.0010102734853012323,0.19696969696969696,23.5,mild (18-24 degC),1.3,moderate activity (1.3-1.6 MET),"Boating, power, passenger, light",other/unclear,boho/beach,"5°C, Breezy Summer Day with Floral Prints and Sunshine Hues",Floral Prints,"5°C, Breezy Summer Day Floral Prints and Sunshine Hues","5°C, Breezy Summer Day and Sunshine Hues",statement necklace Collar Necklaces,low,bottom 25% by combined_rank and rank_gap <= 0.35,28
222196303,0.3181818181818182,0.42424242424242425,0.0057343692193858676,0.004923304590341216,0.005328836904863542,0.0008110646290446517,0.10606060606060608,25.5,warm/hot (>=24 degC),1.0,low activity (<1.3 MET),"Sitting in church, in service, attending a ceremony, sitting quietly",outdoor/travel,boho/beach,"5°C, Effortless summer vibes with striped linen for a relaxed beach day.",Effortless vibes striped linen relaxed beach day.,"5°C, Effortless summer vibes striped linen relaxed .","5°C, beach day.",graphic striped pants Striped Pants,low,bottom 25% by combined_rank and rank_gap <= 0.35,29
222964487,0.36363636363636365,0.24242424242424243,0.009747004752554142,0.0002703548763482171,0.0050086798144511795,0.009476649876205926,0.12121212121212122,17.2,cool (12-18 degC),1.5,moderate activity (1.3-1.6 MET),"Sitting, light office work, in general",formal/work,casual/street,"17.2° C, Effortless Office Layers for a Cool, Comfortable Day","Effortless Office Layers, Comfortable Day","17.2° C, Effortless Layers Cool, Comfortable Day","17.2° C, Office Cool, Day",work it out gym essentials Leggings at Work,low,bottom 25% by combined_rank and rank_gap <= 0.35,30
