confidence_band,run_tag,n,hit10,error_rate,high_conf_error_rate,median_rank
0.50–0.60,original,2469,0.076954,0.923046,0.000000,231.0
0.50–0.60,proposed,2568,0.086449,0.913551,0.000000,197.0
0.60–0.70,original,2011,0.086524,0.913476,0.000000,210.0
0.60–0.70,proposed,2016,0.080357,0.919643,0.000000,195.5
0.70–0.80,original,1730,0.065318,0.934682,0.000000,249.0
0.70–0.80,proposed,1768,0.080317,0.919683,0.000000,202.0
0.80–0.90,original,1579,0.081697,0.918303,0.452185,229.0
0.80–0.90,proposed,1537,0.090436,0.909564,0.438517,198.0
0.90–1.00,original,1522,0.088042,0.911958,0.911958,221.5
0.90–1.00,proposed,1422,0.120253,0.879747,0.879747,174.5
