pair_id,condition,seed,set_id,factor,direction,target_group,target_main_category,baseline_factor_level,counterfactual_factor_level,query_text,target_item_id,target_item_title,target_item_fg,target_fine_category,rank,hit@1,hit@5,hit@10,top1_id,top5_ids,top10_ids,top10_scores,official_detail_context_aware_rank_seed1
CF01,context_aware,1,216751861,weather,warm_to_cold,accessory-led,bags,Weather: Warm,Weather: Cold,"28.1° C, Effortless evening style with a luxe touch and sleek boots",196370684,green metallic chains velour quilted,318,purse,117,0,0,0,192320374,192320374 | 201368819 | 191986240 | 205559078 | 191210650,192320374 | 201368819 | 191986240 | 205559078 | 191210650 | 196326628 | 139782037 | 192247985 | 202107491 | 188262954,0.762265 | 0.692386 | 0.690314 | 0.673694 | 0.665736 | 0.662514 | 0.661988 | 0.653069 | 0.648549 | 0.647369,117
CF01,counterfactual,1,216751861,weather,warm_to_cold,accessory-led,bags,Weather: Warm,Weather: Cold,"10°C, cool layered weather, Effortless evening style luxe touch and sleek boots",196370684,green metallic chains velour quilted,318,purse,116,0,0,0,192320374,192320374 | 191986240 | 201368819 | 202107491 | 203063574,192320374 | 191986240 | 201368819 | 202107491 | 203063574 | 139782037 | 192681104 | 191210650 | 188262954 | 196326628,0.684296 | 0.682399 | 0.663542 | 0.635096 | 0.631259 | 0.630854 | 0.623942 | 0.619070 | 0.617564 | 0.608390,117
CF02,context_aware,1,218410318,weather,warm_to_cold,accessory-led,sunglasses,Weather: Warm,Weather: Cold,"27.9° C, Red-Hot Beach Vibes with Patriotic Sparkle",198339576,prada cat-eye crystal-embellished acetate sunglasses,57,sunglasses,9,0,0,1,168668833,168668833 | 112978685 | 196545171 | 161283240 | 87542376,168668833 | 112978685 | 196545171 | 161283240 | 87542376 | 122753941 | 159894413 | 51264176 | 198339576 | 191403097,0.635145 | 0.629251 | 0.599430 | 0.593216 | 0.582876 | 0.578407 | 0.577683 | 0.574682 | 0.574576 | 0.571082,9
CF02,counterfactual,1,218410318,weather,warm_to_cold,accessory-led,sunglasses,Weather: Warm,Weather: Cold,"10°C, cool layered weather, Red-Hot Beach Vibes Patriotic Sparkle",198339576,prada cat-eye crystal-embellished acetate sunglasses,57,sunglasses,8,0,0,1,168668833,168668833 | 112978685 | 161283240 | 196545171 | 191403097,168668833 | 112978685 | 161283240 | 196545171 | 191403097 | 122753941 | 51264176 | 198339576 | 87542376 | 159894413,0.651526 | 0.630213 | 0.603308 | 0.600715 | 0.597082 | 0.595842 | 0.590830 | 0.589932 | 0.589881 | 0.583865,9
CF03,context_aware,1,214614273,weather,warm_to_cold,clothing-led,outerwear,Weather: Warm,Weather: Cold,"25.2° C, Effortless Chic: Layered warmth with a touch of playful color for a breezy city stroll",194930801,burberry harrowden down coat,24,trench coat,798,0,0,0,195306869,195306869 | 61510900 | 126458988 | 116305755 | 189591262,195306869 | 61510900 | 126458988 | 116305755 | 189591262 | 193514516 | 68974703 | 115649333 | 113547004 | 201441300,0.795233 | 0.757607 | 0.748093 | 0.724549 | 0.723704 | 0.716651 | 0.713212 | 0.708516 | 0.700818 | 0.699738,799
CF03,counterfactual,1,214614273,weather,warm_to_cold,clothing-led,outerwear,Weather: Warm,Weather: Cold,"10°C, cool layered weather, Effortless Chic: Layered warmth touch of playful color city stroll",194930801,burberry harrowden down coat,24,trench coat,629,0,0,0,195306869,195306869 | 189591262 | 61510900 | 126458988 | 160396510,195306869 | 189591262 | 61510900 | 126458988 | 160396510 | 113547004 | 201441300 | 139493340 | 119546225 | 193514516,0.785687 | 0.749093 | 0.745090 | 0.743526 | 0.703527 | 0.690635 | 0.688765 | 0.686727 | 0.673881 | 0.673436,799
CF04,context_aware,1,190756032,weather,warm_to_cold,clothing-led,tops,Weather: Warm,Weather: Cold,"25.3° C, Effortless Coastal Chic – Perfect for a sun-kissed evening stroll",141471316,Brunello Cucinelli Bead-Embellished V-Neck Cashmere Pullover,19,turtleneck sweater,1606,0,0,0,133462579,133462579 | 200377149 | 197478323 | 174772131 | 172493358,133462579 | 200377149 | 197478323 | 174772131 | 172493358 | 154590529 | 193647406 | 202731022 | 192830313 | 116640081,0.483522 | 0.473839 | 0.438416 | 0.435659 | 0.403261 | 0.399551 | 0.365450 | 0.358434 | 0.327919 | 0.324721,1606
CF04,counterfactual,1,190756032,weather,warm_to_cold,clothing-led,tops,Weather: Warm,Weather: Cold,"10°C, cool layered weather, Effortless Coastal Chic – Perfect stroll",141471316,Brunello Cucinelli Bead-Embellished V-Neck Cashmere Pullover,19,turtleneck sweater,785,0,0,0,197478323,197478323 | 193647406 | 159640630 | 192830313 | 148404686,197478323 | 193647406 | 159640630 | 192830313 | 148404686 | 174772131 | 188210187 | 119558347 | 154590529 | 133462579,0.527450 | 0.519953 | 0.508502 | 0.499335 | 0.496570 | 0.486521 | 0.486497 | 0.470812 | 0.462848 | 0.461198,1606
CF05,context_aware,1,133539481,weather,cold_to_warm,accessory-led,bags,Weather: Cold,Weather: Warm,"13.1° C, Effortless Evening Chic with a Polka Dot Layer",116918686,kaliko leather clutch gunmetal,38,clutch,1204,0,0,0,151312076,151312076 | 172914254 | 120603343 | 155791307 | 170448238,151312076 | 172914254 | 120603343 | 155791307 | 170448238 | 138796357 | 146473396 | 83451778 | 140512996 | 116892352,0.753249 | 0.724115 | 0.716614 | 0.709083 | 0.702087 | 0.690220 | 0.686927 | 0.680655 | 0.675748 | 0.675332,1204
CF05,counterfactual,1,133539481,weather,cold_to_warm,accessory-led,bags,Weather: Cold,Weather: Warm,"30°C, warm breathable weather, Effortless Evening Chic Polka Dot Layer",116918686,kaliko leather clutch gunmetal,38,clutch,1141,0,0,0,151312076,151312076 | 172914254 | 155791307 | 170448238 | 138796357,151312076 | 172914254 | 155791307 | 170448238 | 138796357 | 146473396 | 116892352 | 120603343 | 133953050 | 103134592,0.735084 | 0.705302 | 0.704502 | 0.689346 | 0.686259 | 0.683784 | 0.680161 | 0.679036 | 0.677456 | 0.672878,1204
CF06,context_aware,1,198740117,weather,cold_to_warm,accessory-led,jewellery,Weather: Cold,Weather: Warm,"16.8° C, Effortless White Button-Downs for a Chic, Layered Look",161511694,frilly industries happy balls wool,64,earrings,2899,0,0,0,126437887,126437887 | 150835628 | 188559333 | 130896523 | 177626896,126437887 | 150835628 | 188559333 | 130896523 | 177626896 | 22684085 | 32645292 | 73171564 | 147755307 | 116088383,0.628670 | 0.597688 | 0.596897 | 0.591436 | 0.586923 | 0.585185 | 0.581965 | 0.580417 | 0.574599 | 0.574012,2900
CF06,counterfactual,1,198740117,weather,cold_to_warm,accessory-led,jewellery,Weather: Cold,Weather: Warm,"30°C, warm breathable weather, Effortless White Button-Downs Chic, Layered Look",161511694,frilly industries happy balls wool,64,earrings,2866,0,0,0,126437887,126437887 | 150835628 | 130896523 | 177626896 | 22684085,126437887 | 150835628 | 130896523 | 177626896 | 22684085 | 188559333 | 32645292 | 73171564 | 147755307 | 162684780,0.634106 | 0.607217 | 0.597422 | 0.596596 | 0.595936 | 0.595612 | 0.592463 | 0.589919 | 0.587739 | 0.567916,2900
CF07,context_aware,1,31317843,weather,cold_to_warm,clothing-led,all-body,Weather: Cold,Weather: Warm,"-11.6° C, Cozy clogs and a chic, warm-toned dress for a stylish winter stroll",23408401,ochre pintuck dress,4,dress,168,0,0,0,144050886,144050886 | 149095048 | 191461276 | 212628011 | 183782014,144050886 | 149095048 | 191461276 | 212628011 | 183782014 | 155481732 | 170267536 | 164940716 | 149599673 | 148215640,0.819239 | 0.786092 | 0.749013 | 0.719034 | 0.714544 | 0.709766 | 0.692123 | 0.681855 | 0.680813 | 0.671090,168
CF07,counterfactual,1,31317843,weather,cold_to_warm,clothing-led,all-body,Weather: Cold,Weather: Warm,"30°C, warm breathable weather, Cozy clogs and a chic, warm-toned dress stylish stroll",23408401,ochre pintuck dress,4,dress,81,0,0,0,144050886,144050886 | 149095048 | 106192840 | 212628011 | 155481732,144050886 | 149095048 | 106192840 | 212628011 | 155481732 | 205447366 | 164940716 | 183782014 | 191461276 | 170267536,0.762263 | 0.708042 | 0.695113 | 0.680806 | 0.680358 | 0.678137 | 0.669452 | 0.668445 | 0.667766 | 0.649300,168
CF08,context_aware,1,211329660,weather,cold_to_warm,clothing-led,outerwear,Weather: Cold,Weather: Warm,"16.1° C, Cozy Cross-Country Ski Adventure with Pink Layers",187612547,superdry ultimate snow service jacket,25,parka,4,0,1,1,160435529,160435529 | 197699973 | 186238215 | 187612547 | 191638246,160435529 | 197699973 | 186238215 | 187612547 | 191638246 | 129594358 | 190294688 | 157458871 | 192285409 | 148588409,0.737208 | 0.649545 | 0.627664 | 0.626963 | 0.623164 | 0.621568 | 0.614347 | 0.612624 | 0.605724 | 0.603632,4
CF08,counterfactual,1,211329660,weather,cold_to_warm,clothing-led,outerwear,Weather: Cold,Weather: Warm,"30°C, warm breathable weather, Cozy Cross-Country Ski Adventure Pink Layers",187612547,superdry ultimate snow service jacket,25,parka,8,0,0,1,160435529,160435529 | 197699973 | 186238215 | 157458871 | 129594358,160435529 | 197699973 | 186238215 | 157458871 | 129594358 | 190294688 | 192285409 | 187612547 | 191638246 | 125553002,0.733052 | 0.658044 | 0.634782 | 0.627498 | 0.625696 | 0.616669 | 0.613233 | 0.610482 | 0.607393 | 0.600053,4
CF09,context_aware,1,222693789,occasion,formal_to_casual,accessory-led,jewellery,Occasion: Formal,Occasion: Casual,"22.9° C, Luxurious Indian Wedding Evening Ensemble",209560917,dsquared2 bracelet,106,bracelet,1,1,1,1,209560917,209560917 | 190477726 | 187098814 | 3927956 | 95292814,209560917 | 190477726 | 187098814 | 3927956 | 95292814 | 155027873 | 130091272 | 110839482 | 146527312 | 100566287,0.723611 | 0.658121 | 0.615573 | 0.598652 | 0.595182 | 0.584414 | 0.582877 | 0.582541 | 0.582344 | 0.580445,1
CF09,counterfactual,1,222693789,occasion,formal_to_casual,accessory-led,jewellery,Occasion: Formal,Occasion: Casual,"22.9° C, Luxurious Indian Ensemble, for a casual daily outing",209560917,dsquared2 bracelet,106,bracelet,1,1,1,1,209560917,209560917 | 146387981 | 146527312 | 110839482 | 187098814,209560917 | 146387981 | 146527312 | 110839482 | 187098814 | 155027873 | 190477726 | 186850348 | 157126428 | 168806262,0.613741 | 0.591024 | 0.563732 | 0.559757 | 0.557862 | 0.551712 | 0.547557 | 0.536085 | 0.531990 | 0.524478,1
CF10,context_aware,1,221470979,occasion,formal_to_casual,accessory-led,shoes,Occasion: Formal,Occasion: Casual,"24.9° C, Effortless Evening Chic: Sleek Turtleneck & Tailored Leggings for a Stylish Night Out",99992649,Givenchy Givenchy - Suede Pumps - Black,43,heels,62,0,0,0,102607958,102607958 | 75839915 | 129748527 | 77335627 | 147849273,102607958 | 75839915 | 129748527 | 77335627 | 147849273 | 159816013 | 106320447 | 98314945 | 73201099 | 207851646,0.844753 | 0.818175 | 0.801499 | 0.792584 | 0.789081 | 0.787881 | 0.777810 | 0.767982 | 0.767348 | 0.762075,62
CF10,counterfactual,1,221470979,occasion,formal_to_casual,accessory-led,shoes,Occasion: Formal,Occasion: Casual,"24.9° C, Effortless Evening Chic: Sleek Turtleneck & Tailored Leggings Stylish, for a casual daily outing",99992649,Givenchy Givenchy - Suede Pumps - Black,43,heels,51,0,0,0,102607958,102607958 | 75839915 | 77335627 | 129748527 | 159816013,102607958 | 75839915 | 77335627 | 129748527 | 159816013 | 147849273 | 97860388 | 98314945 | 83385070 | 68189198,0.796986 | 0.774244 | 0.754886 | 0.754859 | 0.737792 | 0.734017 | 0.732065 | 0.726071 | 0.722865 | 0.722833,62
CF11,context_aware,1,222409288,occasion,formal_to_casual,clothing-led,all-body,Occasion: Formal,Occasion: Casual,"23.5° C, Effortless floral dresses for a warm-weather garden party",206947052,floral fil coupe open neck,4,dress,14,0,0,0,212277102,212277102 | 204124240 | 93707137 | 165619853 | 78864979,212277102 | 204124240 | 93707137 | 165619853 | 78864979 | 202302335 | 158393839 | 164258790 | 180748130 | 105642237,0.767026 | 0.759409 | 0.752604 | 0.746757 | 0.733564 | 0.731468 | 0.729264 | 0.724627 | 0.703305 | 0.699510,14
CF11,counterfactual,1,222409288,occasion,formal_to_casual,clothing-led,all-body,Occasion: Formal,Occasion: Casual,"23.5° C, Effortless floral dresses warm-weather, for a casual daily outing",206947052,floral fil coupe open neck,4,dress,43,0,0,0,212277102,212277102 | 199875895 | 165619853 | 204124240 | 158393839,212277102 | 199875895 | 165619853 | 204124240 | 158393839 | 141229948 | 93707137 | 207532075 | 205530255 | 109344674,0.706327 | 0.704984 | 0.679438 | 0.674325 | 0.670658 | 0.668575 | 0.667549 | 0.667231 | 0.660073 | 0.655309,14
CF12,context_aware,1,121188291,occasion,formal_to_casual,clothing-led,tops,Occasion: Formal,Occasion: Casual,"22.8° C, Effortless City Chic with a Denim Blazer and Pointed Pumps",98717100,7 FOR ALL MANKIND 'Oll' denim shirt,11,top,166,0,0,0,102827951,102827951 | 193702109 | 44379900 | 116912730 | 150920076,102827951 | 193702109 | 44379900 | 116912730 | 150920076 | 112708090 | 179546983 | 191958268 | 78072453 | 141343864,0.599739 | 0.599615 | 0.596771 | 0.591018 | 0.589946 | 0.588473 | 0.580650 | 0.578977 | 0.567861 | 0.566919,165
CF12,counterfactual,1,121188291,occasion,formal_to_casual,clothing-led,tops,Occasion: Formal,Occasion: Casual,"22.8° C, Effortless City Chic Denim Blazer and Pointed Pumps, for a casual daily outing",98717100,7 FOR ALL MANKIND 'Oll' denim shirt,11,top,151,0,0,0,116912730,116912730 | 44379900 | 191958268 | 112708090 | 102827951,116912730 | 44379900 | 191958268 | 112708090 | 102827951 | 179546983 | 150920076 | 193702109 | 78072453 | 11932841,0.613372 | 0.611536 | 0.603351 | 0.602303 | 0.602159 | 0.600577 | 0.598769 | 0.589137 | 0.587187 | 0.583191,165
CF13,context_aware,1,146296814,occasion,casual_to_formal,accessory-led,jewellery,Occasion: Casual,Occasion: Formal,"19.9° C, Boho Explorer Vibes – Layered comfort for a relaxed outdoor adventure",128013275,leju beaded bracelet boho style,106,bracelet,139,0,0,0,55143452,55143452 | 51741880 | 150416340 | 184036779 | 215232789,55143452 | 51741880 | 150416340 | 184036779 | 215232789 | 81326696 | 191122985 | 171454426 | 39045013 | 136856433,0.612649 | 0.607480 | 0.592780 | 0.585832 | 0.585648 | 0.572269 | 0.569710 | 0.569355 | 0.564633 | 0.564543,139
CF13,counterfactual,1,146296814,occasion,casual_to_formal,accessory-led,jewellery,Occasion: Casual,Occasion: Formal,"19.9° C, Boho Explorer Vibes – Layered comfort relaxed, for a formal work meeting",128013275,leju beaded bracelet boho style,106,bracelet,159,0,0,0,55143452,55143452 | 150416340 | 215232789 | 51741880 | 171454426,55143452 | 150416340 | 215232789 | 51741880 | 171454426 | 184036779 | 156271841 | 81326696 | 191122985 | 195523340,0.614149 | 0.598339 | 0.594279 | 0.573354 | 0.559449 | 0.558819 | 0.557997 | 0.553616 | 0.549589 | 0.539118,139
CF14,context_aware,1,213811620,occasion,casual_to_formal,accessory-led,sunglasses,Occasion: Casual,Occasion: Formal,"20.5° C, Effortless Military Chic for a Weekend Adventure",63293833,house harlow robyn round-frame acetate,57,sunglasses,310,0,0,0,82520729,82520729 | 149204965 | 178650612 | 88411977 | 11077421,82520729 | 149204965 | 178650612 | 88411977 | 11077421 | 17106966 | 88909992 | 171785099 | 15853147 | 210826602,0.737165 | 0.729522 | 0.700406 | 0.677893 | 0.677654 | 0.662969 | 0.659228 | 0.656475 | 0.655909 | 0.654099,310
CF14,counterfactual,1,213811620,occasion,casual_to_formal,accessory-led,sunglasses,Occasion: Casual,Occasion: Formal,"20.5° C, Effortless Military Chic, for a formal work meeting",63293833,house harlow robyn round-frame acetate,57,sunglasses,314,0,0,0,149204965,149204965 | 178650612 | 11077421 | 82520729 | 88909992,149204965 | 178650612 | 11077421 | 82520729 | 88909992 | 88411977 | 210826602 | 17106966 | 15853147 | 23266957,0.708028 | 0.705249 | 0.701338 | 0.695706 | 0.691488 | 0.679401 | 0.657801 | 0.648856 | 0.647933 | 0.639146,310
CF15,context_aware,1,39196989,occasion,casual_to_formal,clothing-led,outerwear,Occasion: Casual,Occasion: Formal,"20.2° C, Cozy City Chic: Layered warmth with a touch of glamour for a relaxed evening out",38953016,azzedine ala%C3%AFa aluminum grey lamb,24,trench coat,531,0,0,0,153686591,153686591 | 187676919 | 159124090 | 153807606 | 89613604,153686591 | 187676919 | 159124090 | 153807606 | 89613604 | 150463683 | 176717007 | 196020303 | 42479498 | 51198502,0.806440 | 0.789399 | 0.788400 | 0.770668 | 0.768336 | 0.765977 | 0.760981 | 0.758786 | 0.755681 | 0.755024,531
CF15,counterfactual,1,39196989,occasion,casual_to_formal,clothing-led,outerwear,Occasion: Casual,Occasion: Formal,"20.2° C, Cozy City Chic: Layered warmth touch of glamour relaxed, for a formal work meeting",38953016,azzedine ala%C3%AFa aluminum grey lamb,24,trench coat,699,0,0,0,150463683,150463683 | 95407944 | 184536285 | 153686591 | 160140838,150463683 | 95407944 | 184536285 | 153686591 | 160140838 | 159124090 | 125485705 | 158720131 | 187998037 | 119426460,0.800799 | 0.791271 | 0.790558 | 0.786948 | 0.785466 | 0.783734 | 0.779141 | 0.778011 | 0.776982 | 0.774671,531
CF16,context_aware,1,215708922,occasion,casual_to_formal,clothing-led,tops,Occasion: Casual,Occasion: Formal,"18.0° C, Effortless Parisian Weekend Style with Luxe Layers",195893378,Jacquemus striped jumper,19,turtleneck sweater,1035,0,0,0,154974082,154974082 | 149150365 | 190182367 | 90543514 | 181343056,154974082 | 149150365 | 190182367 | 90543514 | 181343056 | 124824022 | 179848244 | 195734531 | 185419253 | 146688487,0.763877 | 0.742959 | 0.741296 | 0.730740 | 0.726163 | 0.725613 | 0.721791 | 0.721787 | 0.718199 | 0.716845,1035
CF16,counterfactual,1,215708922,occasion,casual_to_formal,clothing-led,tops,Occasion: Casual,Occasion: Formal,"18.0° C, Effortless Parisian Style Luxe Layers, for a formal work meeting",195893378,Jacquemus striped jumper,19,turtleneck sweater,745,0,0,0,154974082,154974082 | 194640070 | 147911631 | 151091939 | 93596855,154974082 | 194640070 | 147911631 | 151091939 | 93596855 | 146688487 | 190182367 | 124824022 | 176706118 | 121243973,0.746709 | 0.730920 | 0.726651 | 0.724752 | 0.723067 | 0.715849 | 0.711372 | 0.707665 | 0.706737 | 0.705097,1035
CF17,context_aware,1,59207602,style,high_to_low_style,accessory-led,bags,Style richness: High,Style richness: Low,"25.9° C, Effortless Evening Glam with Lace and Pearls",63368910,nude zip stud decor boston,37,bag,239,0,0,0,148067653,148067653 | 207481345 | 184071121 | 212776036 | 182201362,148067653 | 207481345 | 184071121 | 212776036 | 182201362 | 109707567 | 129379281 | 172629807 | 146497149 | 154131322,0.609090 | 0.560681 | 0.559960 | 0.557992 | 0.548444 | 0.544547 | 0.529937 | 0.526075 | 0.523586 | 0.516656,238
CF17,counterfactual,1,59207602,style,high_to_low_style,accessory-led,bags,Style richness: High,Style richness: Low,"25.9° C, simple minimal look",63368910,nude zip stud decor boston,37,bag,23,0,0,0,179121976,179121976 | 210605188 | 78795109 | 146734205 | 185905678,179121976 | 210605188 | 78795109 | 146734205 | 185905678 | 48394629 | 140302943 | 136711963 | 96028215 | 84416822,0.511839 | 0.508364 | 0.505333 | 0.495904 | 0.488038 | 0.486547 | 0.484769 | 0.472658 | 0.468845 | 0.468554,238
CF18,context_aware,1,224072051,style,high_to_low_style,accessory-led,shoes,Style richness: High,Style richness: Low,"28.7° C, Effortless evening date look with statement heels and warm, sculptural earrings",211712071,dsquared2 ankle boot,261,booties,547,0,0,0,78094126,78094126 | 115850168 | 162288050 | 182471802 | 200785600,78094126 | 115850168 | 162288050 | 182471802 | 200785600 | 144515067 | 89131891 | 206809653 | 103622462 | 157435595,0.703889 | 0.673768 | 0.645395 | 0.641818 | 0.632270 | 0.624268 | 0.618499 | 0.617866 | 0.606822 | 0.605746,547
CF18,counterfactual,1,224072051,style,high_to_low_style,accessory-led,shoes,Style richness: High,Style richness: Low,"28.7° C, simple minimal look",211712071,dsquared2 ankle boot,261,booties,1176,0,0,0,103622462,103622462 | 191212937 | 115850168 | 105228902 | 162288050,103622462 | 191212937 | 115850168 | 105228902 | 162288050 | 188053847 | 75985150 | 64747034 | 199952684 | 78094126,0.684259 | 0.594653 | 0.583937 | 0.532891 | 0.510467 | 0.502971 | 0.500266 | 0.492417 | 0.491654 | 0.475029,547
CF19,context_aware,1,207497813,style,high_to_low_style,clothing-led,all-body,Style richness: High,Style richness: Low,"24.8° C, Romantic Evening Look – Flowing Dress with Statement Necklace for a Warm, Elegant Night Out",183755478,plus size crochet panel formal,4,dress,25,0,0,0,146781680,146781680 | 191830597 | 182904703 | 197090565 | 203466268,146781680 | 191830597 | 182904703 | 197090565 | 203466268 | 187437264 | 182581077 | 196161368 | 195510728 | 215237393,0.756307 | 0.735773 | 0.733458 | 0.728432 | 0.728155 | 0.717020 | 0.702623 | 0.699432 | 0.690755 | 0.685551,25
CF19,counterfactual,1,207497813,style,high_to_low_style,clothing-led,all-body,Style richness: High,Style richness: Low,"24.8° C, – Warm, Night Out, simple minimal look",183755478,plus size crochet panel formal,4,dress,374,0,0,0,184022783,184022783 | 188602478 | 183750892 | 202571906 | 191316160,184022783 | 188602478 | 183750892 | 202571906 | 191316160 | 160129846 | 188776469 | 196026500 | 190574356 | 149390037,0.701773 | 0.697699 | 0.687377 | 0.686123 | 0.678538 | 0.670071 | 0.669934 | 0.662858 | 0.659055 | 0.641629,25
CF20,context_aware,1,174085577,style,high_to_low_style,clothing-led,tops,Style richness: High,Style richness: Low,"25.2° C, Effortless Mini Golf Style with Lace Details",141588506,Bow Denim Blue Sleeveless POLO Collar Blouse,11,top,1386,0,0,0,171553488,171553488 | 132537404 | 110764920 | 171361332 | 17864191,171553488 | 132537404 | 110764920 | 171361332 | 17864191 | 100736445 | 143552370 | 180351158 | 134807522 | 148682588,0.733035 | 0.668948 | 0.667643 | 0.649312 | 0.636606 | 0.632015 | 0.619258 | 0.619209 | 0.607047 | 0.596419,1385
CF20,counterfactual,1,174085577,style,high_to_low_style,clothing-led,tops,Style richness: High,Style richness: Low,"25.2° C, Mini Golf Style, simple minimal look",141588506,Bow Denim Blue Sleeveless POLO Collar Blouse,11,top,1415,0,0,0,160482111,160482111 | 148072727 | 171553488 | 132537404 | 17864191,160482111 | 148072727 | 171553488 | 132537404 | 17864191 | 171361332 | 196970676 | 134807522 | 145688926 | 110764920,0.643903 | 0.634031 | 0.633880 | 0.632437 | 0.616159 | 0.614583 | 0.613354 | 0.609790 | 0.606421 | 0.604948,1385
CF21,context_aware,1,219326466,style,low_to_high_style,accessory-led,bags,Style richness: Low,Style richness: High,"22.9° C, Effortless Pink & Yellow Summer Chic",31523746,christian louboutin yellow satin pharaon,38,clutch,113,0,0,0,207930811,207930811 | 135874550 | 157625011 | 110258509 | 145636746,207930811 | 135874550 | 157625011 | 110258509 | 145636746 | 181391982 | 74219527 | 96235679 | 194541735 | 203712106,0.670452 | 0.650781 | 0.636230 | 0.628579 | 0.628327 | 0.616360 | 0.611747 | 0.584727 | 0.583821 | 0.582872,112
CF21,counterfactual,1,219326466,style,low_to_high_style,accessory-led,bags,Style richness: Low,Style richness: High,"22.9° C, polished layered elegant style with coordinated details",31523746,christian louboutin yellow satin pharaon,38,clutch,261,0,0,0,171180851,171180851 | 203526643 | 133973101 | 174075389 | 111639650,171180851 | 203526643 | 133973101 | 174075389 | 111639650 | 100749834 | 111272203 | 169004224 | 180865456 | 126776975,0.665349 | 0.659053 | 0.658322 | 0.651267 | 0.643207 | 0.637947 | 0.635006 | 0.631828 | 0.623466 | 0.620362,112
CF22,context_aware,1,156067516,style,low_to_high_style,accessory-led,jewellery,Style richness: Low,Style richness: High,"24.3° C, Effortless Boho Vibes for a Warm Day Festival",81576657,gothic lace necklace choker satin,62,necklace,41,0,0,0,136965396,136965396 | 145681649 | 127168363 | 209151724 | 180644383,136965396 | 145681649 | 127168363 | 209151724 | 180644383 | 144002826 | 207832449 | 180636671 | 209268138 | 192522899,0.742961 | 0.740931 | 0.740627 | 0.731918 | 0.724041 | 0.718678 | 0.710835 | 0.710747 | 0.710558 | 0.709456,41
CF22,counterfactual,1,156067516,style,low_to_high_style,accessory-led,jewellery,Style richness: Low,Style richness: High,"24.3° C, Warm Day Festival, polished layered elegant style with coordinated details",81576657,gothic lace necklace choker satin,62,necklace,90,0,0,0,160324559,160324559 | 188361417 | 211226772 | 209151724 | 189021318,160324559 | 188361417 | 211226772 | 209151724 | 189021318 | 195783488 | 207832449 | 47074430 | 145702501 | 207420926,0.721186 | 0.682886 | 0.677038 | 0.674224 | 0.671193 | 0.656865 | 0.654754 | 0.648807 | 0.644677 | 0.642036,41
CF23,context_aware,1,74768367,style,low_to_high_style,clothing-led,all-body,Style richness: Low,Style richness: High,"21.0° C, Edgy Rocker Chic with Chain Details",76155959,diane von furstenberg drop waist,4,dress,306,0,0,0,195895955,195895955 | 61690969 | 68390034 | 119654700 | 65093644,195895955 | 61690969 | 68390034 | 119654700 | 65093644 | 76519929 | 151871639 | 170244713 | 123613267 | 116662369,0.639963 | 0.625818 | 0.596507 | 0.588456 | 0.575118 | 0.559606 | 0.553052 | 0.547856 | 0.545047 | 0.544042,306
CF23,counterfactual,1,74768367,style,low_to_high_style,clothing-led,all-body,Style richness: Low,Style richness: High,"21.0° C, polished layered elegant style with coordinated details",76155959,diane von furstenberg drop waist,4,dress,666,0,0,0,104872974,104872974 | 44842674 | 200206633 | 121025812 | 143852845,104872974 | 44842674 | 200206633 | 121025812 | 143852845 | 180866990 | 183725729 | 74587934 | 125141163 | 145800774,0.664846 | 0.657266 | 0.650937 | 0.638365 | 0.628443 | 0.623019 | 0.602833 | 0.602815 | 0.602298 | 0.601130,306
CF24,context_aware,1,221499036,style,low_to_high_style,clothing-led,outerwear,Style richness: Low,Style richness: High,"20.5° C, Effortless Cool-Girl Vibes with a Touch of Attitude",201513876,off-white bird embroidered bomber jacket,25,parka,2345,0,0,0,185354113,185354113 | 183365254 | 126231273 | 190353658 | 151611008,185354113 | 183365254 | 126231273 | 190353658 | 151611008 | 183742438 | 196706846 | 192328087 | 198824252 | 194215213,0.832622 | 0.823655 | 0.816779 | 0.789627 | 0.785989 | 0.778692 | 0.769130 | 0.767542 | 0.761892 | 0.738815,2345
CF24,counterfactual,1,221499036,style,low_to_high_style,clothing-led,outerwear,Style richness: Low,Style richness: High,"20.5° C, polished layered elegant style with coordinated details",201513876,off-white bird embroidered bomber jacket,25,parka,2670,0,0,0,202014207,202014207 | 197368742 | 185354113 | 198824252 | 126231273,202014207 | 197368742 | 185354113 | 198824252 | 126231273 | 141505494 | 193832204 | 187917180 | 138182968 | 195525183,0.701403 | 0.692969 | 0.692723 | 0.684396 | 0.676608 | 0.671969 | 0.670086 | 0.661519 | 0.661284 | 0.661104,2345
