p,jaccard,jacc_lo,jacc_hi,f1,f1_lo,f1_hi,lift,lift_lo,lift_hi
0.01,0.09486780715396578,0.07394898529137964,0.12017255171994772,0.17329545454545456,0.13771306818181817,0.21455965909090902,17.359134889015365,13.794820717131472,21.492601024473526
0.02,0.15720164609053497,0.13889976312180527,0.1810413888477305,0.2716927453769559,0.24391891891891893,0.306578947368421,13.588503130335798,12.199416619237336,15.333309618668181
0.03,0.20502569960022843,0.18940248027057496,0.22786947555904696,0.3402843601895735,0.3184834123222749,0.37116113744075824,11.351419717953583,10.624169986719789,12.381426674255358
0.04,0.22741161065037102,0.2120689655172414,0.24479858344400177,0.3705547652916074,0.34992887624466573,0.3933143669985775,9.266505406943653,8.750711439954467,9.835657370517927
0.05,0.2351493848857645,0.21949318695485343,0.2512128863877707,0.38076266363118955,0.3599743881616391,0.40155093910073986,7.6152532726237885,7.199487763232781,8.031018782014796
0.060000000000000005,0.25126075348561255,0.23045507584597433,0.25872873769024174,0.4016121384542437,0.3745851114272167,0.41109530583214793,6.695440460380698,6.244861822551064,6.853538228040218
0.06999999999999999,0.26218573627501285,0.24399494310998734,0.27098940842159647,0.41544715447154473,0.39227642276422764,0.4264227642276423,5.935441905846005,5.6044045392772945,6.092249079483816
0.08,0.2559178204555605,0.24300342433967886,0.2719737354026888,0.40753911806543386,0.3909939544807966,0.4276404694167852,5.095688673875925,4.888815274615822,5.347027070290267
0.09,0.2462568951930654,0.23192573379231002,0.2582857323832371,0.39519443566234586,0.37652545052165665,0.4105358836547581,4.391604657208908,4.184145253202359,4.5620867500017575
0.09999999999999999,0.2351493848857645,0.22342579292639111,0.2463202695513389,0.38076266363118955,0.3652461582242459,0.3952760387023335,3.807626636311896,3.6524615822424598,3.952760387023336
0.11,0.2267174361415199,0.22187104930467763,0.24099688220730345,0.36963269529229176,0.3631660631143301,0.3883923952405587,3.3608188262299095,3.3020221357780217,3.531388025230836
0.12,0.23286069288115774,0.22002025169969622,0.2403898897329192,0.3777566990751719,0.3606829499644297,0.3876037467393882,3.1481217985202052,3.0058338076266367,3.230184421045975
0.13,0.2365358592692828,0.22222557147429753,0.2413273212298522,0.3825782446924929,0.3636408404464872,0.3888214051214708,2.9434249477154775,2.79772709668511,2.9914576689017385
0.14,0.23571518272008038,0.22601544978818838,0.24399494310998734,0.38150406504065043,0.36869918699186993,0.39227642276422764,2.725250601094165,2.6337797498054423,2.802202269638646
0.15000000000000002,0.2362527846171884,0.23011949866430947,0.24656040678150692,0.3822078907435508,0.37414169195751135,0.3955851669195751,2.5485360146714724,2.494751154113703,2.6377347751849736
0.16,0.24004851692579116,0.23364836030849281,0.24983329628806403,0.3871598790681131,0.3787924595411702,0.3997865907878357,2.4200074701195216,2.3677055172168466,2.498932840068298
0.17,0.24510212588578575,0.2360181173572409,0.25254877433881373,0.39370605959156346,0.38190073652494144,0.4032557750251088,2.315995533437185,2.246550131653317,2.372172210810736
0.18000000000000002,0.25192954680387886,0.23947774120379,0.25515873015873014,0.40246601327853304,0.38641716724628516,0.40657603540942144,2.236205091450775,2.147033558886148,2.2590414356682613
0.19,0.25601956358164035,0.24309694684044564,0.2588048734234444,0.4076681144226449,0.39111502171633966,0.4111914033248465,2.1457502006221256,2.0586234405472688,2.164294937385401
0.2,0.2573575453976205,0.24571000884309802,0.2615386097532431,0.40936254980079684,0.3944898975526466,0.4146343198634035,2.0468127490039834,1.9724494877632324,2.073171599317017
0.21000000000000002,0.25659799080538054,0.24446430711673853,0.2600307324568892,0.40840108401084013,0.39288279132791326,0.4127371273712737,1.9449251907175313,1.8710225505493412,1.9655746950648973
0.22,0.2545233265720081,0.24437398218378353,0.25969242798188713,0.4057689820204372,0.3927661363342388,0.41231082654249124,1.8444521794757218,1.7853468063989617,1.874188605671764
0.23,0.2549293587952181,0.24396667498011346,0.25933341625979783,0.4062847952492886,0.39223988618087346,0.41185822095756525,1.7666304805084279,1.7055596140956024,1.7908651647797142
0.24000000000000002,0.2546861053257959,0.2441317218578328,0.2587167397603833,0.4059758121887598,0.3924531657576476,0.41108015176665874,1.6916461139568706,1.6352990814519694,1.7129152042623152
0.25,0.25338850049935796,0.24459871077424383,0.25959302241916465,0.40432555492316447,0.3930563460443939,0.4121855435401252,1.6173022196926579,1.5722253841775755,1.6487421741605008
0.26,0.25258756597436427,0.24574788765830577,0.25988703635678817,0.4033052424209259,0.39453868884754295,0.4125560906205538,1.5512758770497046,1.5175561490302525,1.5868583990327783
0.27,0.2534513508157738,0.24718617958969386,0.260405269237733,0.40440556492411467,0.3963901770657673,0.41320879005059025,1.4978299617520512,1.4681427142693189,1.530435186551462
0.28,0.25542230160755297,0.24844383787081872,0.26109586668475054,0.40691056910569107,0.3980055894308943,0.414077743902439,1.4533701926985931,1.4215641079994885,1.478969326774534
0.29000000000000004,0.25675175730669625,0.25065579823034567,0.2628252788104089,0.4085958198410362,0.40083897556667647,0.4162496320282602,1.409006406850938,1.3822576180753456,1.435399898621921
0.3,0.2596487035488111,0.25454821772292885,0.266078184110971,0.41225573894896606,0.4058006070954278,0.4203187250996016,1.3741857964965536,1.3526686903180927,1.401062416998672
