figure,case,set_id,target_item_id,seed,condition,rank,five_seed_mean_rank,top5_item_ids
A1,purse,224499261,212715570,2,Original (Baseline),21,20.6,210666947 | 212216117 | 204077513 | 210562159 | 173966675
A1,purse,224499261,212715570,2,No-Weather (ablation),1,2.4,212715570 | 210562159 | 207956028 | 108027894 | 173981806
A1,purse,224499261,212715570,2,No-Occasion (ablation),7,5.4,108027894 | 173981806 | 188192294 | 207956028 | 204161065
A1,purse,224499261,212715570,2,No-Style (ablation),4,2.2,207956028 | 210562159 | 210666947 | 212715570 | 207035998
A1,purse,224499261,212715570,2,Full (Proposed),1,2.4,212715570 | 176146852 | 108027894 | 148596814 | 207956028
A2,dress,94771580,90931027,2,Original (Baseline),12,77.0,181915374 | 198808044 | 185362507 | 214304902 | 148086167
A2,dress,94771580,90931027,2,No-Weather (ablation),2,3.2,158225228 | 90931027 | 18519591 | 170653654 | 181915374
A2,dress,94771580,90931027,2,No-Occasion (ablation),4,21.4,198808044 | 158225228 | 191246700 | 90931027 | 86385298
A2,dress,94771580,90931027,2,No-Style (ablation),55,125.4,181915374 | 185515008 | 205390513 | 9924656 | 185362507
A2,dress,94771580,90931027,2,Full (Proposed),5,4.8,158225228 | 181915374 | 198808044 | 18519591 | 90931027
A3,sunglasses,200099867,171331353,1,Original (Baseline),47,27.0,107527615 | 191497108 | 134898435 | 145618732 | 207769474
A3,sunglasses,200099867,171331353,1,No-Weather (ablation),588,509.4,22981052 | 107527615 | 70631789 | 171298197 | 46161795
A3,sunglasses,200099867,171331353,1,No-Occasion (ablation),420,465.4,145618732 | 22981052 | 46161795 | 207769474 | 204658040
A3,sunglasses,200099867,171331353,1,No-Style (ablation),69,100.6,191497108 | 134898435 | 107527615 | 145618732 | 207769474
A3,sunglasses,200099867,171331353,1,Full (Proposed),500,593.4,171298197 | 134898435 | 107527615 | 70631789 | 22981052
