variant,seed,stage,epoch,train_loss,valid_fitb_acc,lr,seconds
original_text,1,OR,1,0.950644,0.607000,0.00100000,1.24
original_text,1,OR,2,0.806992,0.613000,0.00100000,1.07
original_text,1,OR,3,0.708565,0.617333,0.00100000,1.22
original_text,1,OR,4,0.607203,0.603333,0.00100000,1.32
original_text,1,OR,5,0.501926,0.599667,0.00100000,1.19
original_text,1,OR,6,0.413374,0.597333,0.00050000,1.27
original_text,1,OR,7,0.281867,0.590333,0.00050000,1.28
original_text,1,OR,8,0.215775,0.601667,0.00050000,1.27
original_text,1,OR,9,0.176536,0.589333,0.00025000,1.28
original_text,1,OR,10,0.130354,0.593000,0.00025000,1.17
original_text,1,OR,11,0.110864,0.591333,0.00025000,1.16
original_text,1,OR,12,0.097746,0.588333,0.00012500,1.17
original_text,1,OR,13,0.086265,0.588333,0.00012500,1.10
original_text,1,OR,14,0.078651,0.591000,0.00012500,1.31
original_text,1,OR,15,0.073746,0.588000,0.00006250,1.48
original_text,1,OR,16,0.067390,0.586333,0.00006250,1.14
original_text,1,OR,17,0.064173,0.590333,0.00006250,1.12
original_text,1,OR,18,0.063248,0.586000,0.00003125,1.11
original_text,1,OR,19,0.061423,0.586333,0.00003125,1.23
original_text,1,OR,20,0.060110,0.588000,0.00003125,1.21
original_text,1,OR,21,0.059660,0.587333,0.00001563,1.30
original_text,1,OR,22,0.058635,0.588000,0.00001563,1.38
original_text,1,OR,23,0.057627,0.587667,0.00001563,1.41
original_text,1,OR,24,0.056420,0.589333,0.00000781,1.38
original_text,1,OR,25,0.056971,0.588000,0.00000781,1.29
original_text,1,OR,26,0.056686,0.586000,0.00000781,1.13
original_text,1,OR,27,0.055932,0.587667,0.00000391,1.12
original_text,1,OR,28,0.056505,0.589333,0.00000391,1.08
original_text,1,OR,29,0.056110,0.589000,0.00000391,1.25
original_text,1,OR,30,0.055493,0.588333,0.00000195,1.34
original_text,1,OR,31,0.056435,0.589000,0.00000195,1.60
original_text,1,OR,32,0.056304,0.588333,0.00000195,1.35
original_text,1,OR,33,0.056275,0.588000,0.00000098,1.37
original_text,1,OR,34,0.054718,0.588667,0.00000098,1.38
original_text,1,OR,35,0.054999,0.588667,0.00000098,1.42
original_text,1,OR,36,0.054880,0.588000,0.00000049,1.38
original_text,1,OR,37,0.054117,0.588000,0.00000049,1.39
original_text,1,OR,38,0.055648,0.588000,0.00000049,1.37
original_text,1,OR,39,0.054850,0.588000,0.00000024,1.39
original_text,1,OR,40,0.054588,0.588000,0.00000024,1.35
original_text,1,OR,41,0.053955,0.588000,0.00000024,1.27
original_text,1,OR,42,0.055020,0.588000,0.00000012,1.29
original_text,1,OR,43,0.054389,0.588000,0.00000012,1.40
original_text,1,OR,44,0.054195,0.587667,0.00000012,1.33
original_text,1,OR,45,0.055449,0.587667,0.00000006,1.12
original_text,1,OR,46,0.055260,0.587667,0.00000006,1.14
original_text,1,OR,47,0.053271,0.587667,0.00000006,1.38
original_text,1,OR,48,0.053300,0.587667,0.00000003,1.13
original_text,1,OR,49,0.053418,0.587667,0.00000003,1.13
original_text,1,OR,50,0.054056,0.587667,0.00000003,1.15
original_text,1,OR,51,0.055594,0.587667,0.00000002,1.38
original_text,1,OR,52,0.054613,0.587667,0.00000002,1.39
original_text,1,OR,53,0.054581,0.587667,0.00000002,1.28
original_text,1,OR,54,0.054741,0.587667,0.00000002,1.29
original_text,1,OR,55,0.053334,0.587667,0.00000002,1.39
original_text,1,OR,56,0.053944,0.587667,0.00000002,1.39
original_text,1,OR,57,0.054264,0.587667,0.00000002,1.38
original_text,1,OR,58,0.054743,0.587667,0.00000002,1.33
original_text,1,OR,59,0.055692,0.587667,0.00000002,1.26
original_text,1,OR,60,0.057082,0.587667,0.00000002,1.31
original_text,1,OR,61,0.055873,0.587667,0.00000002,1.23
original_text,1,OR,62,0.055391,0.587667,0.00000002,1.17
original_text,1,OR,63,0.056333,0.587667,0.00000002,1.11
original_text,1,OR,64,0.053302,0.587667,0.00000002,1.33
original_text,1,OR,65,0.054985,0.587667,0.00000002,1.13
original_text,1,OR,66,0.054408,0.587667,0.00000002,1.13
original_text,1,OR,67,0.055718,0.587667,0.00000002,1.11
original_text,1,OR,68,0.055251,0.587667,0.00000002,1.19
original_text,1,OR,69,0.053203,0.587667,0.00000002,1.20
original_text,1,OR,70,0.055847,0.587667,0.00000002,1.19
original_text,1,OR,71,0.056415,0.587667,0.00000002,1.20
original_text,1,OR,72,0.054800,0.587667,0.00000002,1.29
original_text,1,OR,73,0.055147,0.587667,0.00000002,1.29
original_text,1,OR,74,0.054779,0.587667,0.00000002,1.31
original_text,1,OR,75,0.056018,0.587667,0.00000002,1.31
original_text,1,OR,76,0.052980,0.587667,0.00000002,1.33
original_text,1,OR,77,0.054448,0.587667,0.00000002,1.34
original_text,1,OR,78,0.055632,0.587667,0.00000002,1.30
original_text,1,OR,79,0.056087,0.587667,0.00000002,1.31
original_text,1,OR,80,0.055039,0.587667,0.00000002,1.50
original_text,1,OR,81,0.053966,0.587667,0.00000002,1.34
original_text,1,OR,82,0.055585,0.587667,0.00000002,1.32
original_text,1,OR,83,0.055012,0.587667,0.00000002,1.33
original_text,1,OR,84,0.053806,0.587667,0.00000002,1.31
original_text,1,OR,85,0.055139,0.587667,0.00000002,1.30
original_text,1,OR,86,0.053963,0.587667,0.00000002,1.30
original_text,1,OR,87,0.054468,0.587667,0.00000002,1.30
original_text,1,OR,88,0.054672,0.587667,0.00000002,1.27
original_text,1,OR,89,0.054190,0.587667,0.00000002,1.33
original_text,1,OR,90,0.054944,0.587667,0.00000002,1.32
original_text,1,OR,91,0.055985,0.587667,0.00000002,1.30
original_text,1,OR,92,0.054949,0.587667,0.00000002,1.31
original_text,1,OR,93,0.055627,0.587667,0.00000002,1.32
original_text,1,OR,94,0.056046,0.587667,0.00000002,1.35
original_text,1,OR,95,0.055962,0.587667,0.00000002,1.34
original_text,1,OR,96,0.055452,0.587667,0.00000002,1.57
original_text,1,OR,97,0.054532,0.587667,0.00000002,1.34
original_text,1,OR,98,0.054674,0.587667,0.00000002,1.33
original_text,1,OR,99,0.054495,0.587667,0.00000002,1.33
original_text,1,OR,100,0.054350,0.587667,0.00000002,1.34
