family,variant,seed,status,git_commit,training_manifest_sha256,evaluation_manifest_sha256,documented_config_bundle_sha256,runtime_seconds_from_saved_log_span,runtime_source_logs,cp_checkpoint_sha256,cir_checkpoint_sha256,cp_best_epoch,cir_best_epoch,cp_results_sha256,cir_results_sha256,detail_results_sha256,candidate_id_sha256
main,original,1,passed,b9bf5aac7d07cb39cacc7f73eb28166848c19fe4,c8b060ee55c0dfc89c02621910bddced1c18d0e191817a2af150f89c7f3c2b70,02c8a3dd51903ca048dd5f81609a9ed43e79399ef32aa689c96b7b91384fb830,be7e3209d2336c27c9f379d2bc0263a86569295a6ca14bf9ab0f5a2be11c659b,6792,cp_full_train.log;cir_full_train.log,138c1b356312d8cca12aab49f38413fe9b016b051b10b04fd145290a31418307,1b90df6dc9ff90d46612d6f75bea717bee3324a1a66ab23861e3f790ee22f33a,79,52,782656dcbd68c85eeb99c01310f625bd90f9d789922a15133f76687ed8ed2035,5f321d7d8e13aa5a0edfa2b923e42fc2af4266718058aa5daa07de8a98d1a9cd,,
main,original,2,passed,b9bf5aac7d07cb39cacc7f73eb28166848c19fe4,ee2cf5255f7831c6d14949b568ce2b4b4c09c6d0d25ed791e69096d3f615d5c0,8e5ad2028b39b952ebc380f4f121c885b8a6d30930228c4f91276f8fdb2178ee,be7e3209d2336c27c9f379d2bc0263a86569295a6ca14bf9ab0f5a2be11c659b,6832,cp_full_train.log;cir_full_train.log,a09c4e9a7197ff8f1c6715aa0a3e5cdec1748e294fc1171690f3550eecbc00b0,95c92b6176b9533dfb1657d3ddf1c3f4c0dadb6fb361f5f44b1305c187b168e9,57,57,7e3477b221a3ac749d085b614b3a9f99af52662e5caeb3916f327aad2c6735d4,0f2af47d6dbd0b1ada283c8c18224b9b1406157e0c945a4a81021ef143e36dcf,,
main,original,3,passed,b9bf5aac7d07cb39cacc7f73eb28166848c19fe4,cafc86363f842b2c69d874107f27438a64cd6a00534cbac8e98129ac263fa8ad,9c90197a353029b96eb77158f989833be6be1673a3c91c4fc817bf3853a2f5a5,be7e3209d2336c27c9f379d2bc0263a86569295a6ca14bf9ab0f5a2be11c659b,6857,cp_full_train.log;cir_full_train.log,17370a518fe6ee5a2eacb0bc21a62e87075be3125425bc49fdd8d82f343a4436,713c28fba4df49c536853771736d2c026b4ec8b2f57e7c1faa94c30e59cc0ae1,74,57,92acba7d12273c11d5a8e0b8edeb3ed997656a5b4001e3c00d15fe58ef037e16,0c636d934bcbee3a15e936c3f6493016231559221e08e15fd568faafc6536c34,,
main,original,4,passed,b9bf5aac7d07cb39cacc7f73eb28166848c19fe4,7e05a8bd13a09cbf6f810e59ed1ad6199dd02ae8f5e2b20dc2e153acea967746,4853ae24e94fd26d5505e6d70ff414bfe90ada368029726491bad28481d9f999,be7e3209d2336c27c9f379d2bc0263a86569295a6ca14bf9ab0f5a2be11c659b,7140,cp_full_train.log;cir_full_train.log,b02b5cfa0923704b93db300efb8df28a062bee4625f46783b7880e9104765323,2833368f7b624ecc50d3ebe6ba8d14518cfbf110aa4a338c462fcf6439f6169a,92,68,2b52786f5e5c53f1d3c81e3b879759d59ded8d12d8de01f9ca86736b1895a1e1,b933f310602b382c48e3aa3d515b7c02c44497ab466954f3fbd52a1f401017da,,
main,original,5,passed,b9bf5aac7d07cb39cacc7f73eb28166848c19fe4,e85a13b9122a29bc818cf00bd1a1c7165a87ce5d5a25cfd3cf60218e3ada5f53,d85e21dbdc93d359431e4372bfc2c47fa0111846149519571d2dd2529bf67f50,be7e3209d2336c27c9f379d2bc0263a86569295a6ca14bf9ab0f5a2be11c659b,7061,cp_full_train.log;cir_full_train.log,5657e8aac172b0812c655776323862a3b7dab6a92dc53ecd6d12f5689f56bad7,627886117acd9c209f0cd5dc09ef8fb76292816b514849fcfc7da9af0f547ab5,30,66,d6b8797be7cb0f7a739b9d6d874f458cc16350d95dca3553d879d0fc913e6a64,ecd9d2b46c4b2c21e226909f6055f90e01e5953a3d9c5b6a2578ed63eb03d67b,,
main,context,1,passed,b9bf5aac7d07cb39cacc7f73eb28166848c19fe4,ff463db1455f0abb4904a2988d6774b80b0441e80ccf875f3d2e93a38f4192b6,f6210a325e5f8bf38d41c202d7d79b7b3b9537a094576e8e3906c5c36a71b71a,be7e3209d2336c27c9f379d2bc0263a86569295a6ca14bf9ab0f5a2be11c659b,6797,cp_full_train.log;cir_full_train.log,9846188106b7a6decf40e6623ddd1df4b3002f55a1d3cc8c43ce0b7f8590d1d6,858200398832f15a3d0160f58be7012340e207aa9981af0477c43b3f5f0101e7,96,54,9f3196a406bfcabd3fd08b12ae65d4b64f242617c50bf29c093790983c6ebf57,19c5f97f913f925899b3d935dc8eb2e6f191963a2d4710693e782a77480080f6,,
main,context,2,passed,b9bf5aac7d07cb39cacc7f73eb28166848c19fe4,45b387d3749fd0f01cc4cba624d2202b6ff54dddf8aaf075b9411497bc28d029,0c30ca3c1e11923eb695eb418d518859f8dcceb340744e3d1731be3757353f5a,be7e3209d2336c27c9f379d2bc0263a86569295a6ca14bf9ab0f5a2be11c659b,6951,cp_full_train.log;cir_full_train.log,858dea6baebdb6b02c18cc6ac6733e92428ef8d57c1912b6dfb263dadcc7397a,6adc8f7dfe658fc224b7887ffdf741f64d2c0ff4239d1e146e8445877abe9382,93,83,191600953fbd6741f613c04473e504e7c60fd0a8249317bf05d58b8c7fd134b9,6b1ade10cbe5a02391588eae854c1150e401517f57a997e62ec9527e63976a4f,,
main,context,3,passed,b9bf5aac7d07cb39cacc7f73eb28166848c19fe4,3de9c84fadd7b40105d90cbf1926d201a100a8a430f19947d8b569d602adf385,b10e882e7dfdbe8361f3b94b36535a6c2f500f22705a604801094978c6a4f857,be7e3209d2336c27c9f379d2bc0263a86569295a6ca14bf9ab0f5a2be11c659b,6893,cp_full_train.log;cir_full_train.log,37ef96455da31b6ba4f5e089b977d5c41fee14a2eeca58c83f4c1d2f24e374a2,17dd26d3090510f00a70d542c4747dbfb594c91e8c3e53d47f53bc157b2bc465,80,61,ab60d71f86fefac0916e038e0114d82767704053178d96e0b92a6e4f3a1a0f66,6e6c81661235f8ac25551507356a85364e4fd858356718621f15841371ac869e,,
main,context,4,passed,b9bf5aac7d07cb39cacc7f73eb28166848c19fe4,ac6865def544616bc37163c538ebfa71f9b153df8d74f5e62fd7bb47e7a713e4,56d8689a62438446edf22ef8a2dcea0694b6b2ddb79ab6ee740b51d2402921ee,be7e3209d2336c27c9f379d2bc0263a86569295a6ca14bf9ab0f5a2be11c659b,7182,cp_full_train.log;cir_full_train.log,43915eb585974f8c1b83522a0de22b2962c5852b12deea04b16a01c59ff11c35,272a9721716001fd3baec289d3edc592411320206b87e61f087468f05cc29230,71,99,e78795e18533c118cb16afa107ff2934a8ef66be665b75cf0e7db9e113fa397c,b0833256c30a673b6d07a9c9447471bf77bf72fa53fbe2bc46d989fdd23e1f23,,
main,context,5,passed,b9bf5aac7d07cb39cacc7f73eb28166848c19fe4,a044e74d3e91fdd6b693082ee0616578e0ac90b49f12e35aa64adc83f761781b,8f641f988de76ab6b3f480a537ebc9f8a5ecb83d2d43953f9b48ef0b3cb97694,be7e3209d2336c27c9f379d2bc0263a86569295a6ca14bf9ab0f5a2be11c659b,7177,cp_full_train.log;cir_full_train.log,b5ad069b153e19da57cbf92729f4144af7c5b14c5036205d4c5526437ed0d857,98d24fe747a222ca3c95d4594ef812364656d721e69e77bb76534f93735330a2,63,65,d8f56fc26da3bebe1f360a5998afa1ed69dbaafbaed1a2e8a798ccae41c02e95,7f34e177a3328b9a5534c043205847594cfacfb503e97675721fcc8901d9e4d1,,
candidate_ablation,original,1,passed_candidate_source,b9bf5aac7d07cb39cacc7f73eb28166848c19fe4,3c747164c09eb504d960ed8be46238abcb4e92759bb6ddf88ecd618f89ce156f,,be7e3209d2336c27c9f379d2bc0263a86569295a6ca14bf9ab0f5a2be11c659b,4764,cp_train.log;cir_train.log,ab5272173383261ede9b2561f702d0850c2580b1e72d0c6b872133f1215d6a8f,555226d48851571ca3f28b39249fc043e0dfdb0ca0705784af1aab96cd97aa73,61,47,06d609cd4d4f8915398afdd50eb8137b0ab134226e0fe8c29668e611f6116649,7f3ffebcadae30d0ca6638eff34927ed72982e85185f4d76431191a82c9b8dfd,a7cdf670280bacf28eba79f6cafef1179efa49b6a887bbf44f1b03b9e38afc6d,bd1d24067b8d5021d3dc1e90651855e9821b1df7b7bf7683ff55ee61c5a298e7
candidate_ablation,original,2,passed_candidate_source,b9bf5aac7d07cb39cacc7f73eb28166848c19fe4,a045f022491f84f7af50ec211e9b47d6ac5f2c9dc3a19870958763d692c622f4,,be7e3209d2336c27c9f379d2bc0263a86569295a6ca14bf9ab0f5a2be11c659b,4780,cp_train.log;cir_train.log,efcaf242106fa86fa37e651eae1a7053d451369191fc4bac6492d93ea31d385e,dfd32addb12518716f2b8dc6d9eb00e83857bba74d4eb6f1824a77c7a09780d9,98,81,4619379c3936c17ed0ca457c1d4f83eb99435fedc3dab991712a32611163bd76,900cbe235d78f39af43a5111b7db23b9029564911fef7ced7aae2f766575dc8c,9225507be57dc7688006c69b332c6a0789908e005ca9608ca8f84e09a50267f0,bd1d24067b8d5021d3dc1e90651855e9821b1df7b7bf7683ff55ee61c5a298e7
candidate_ablation,original,3,passed_candidate_source,b9bf5aac7d07cb39cacc7f73eb28166848c19fe4,28505c8dd3b551c54bdde9da325d605bde08777164d0191407f60f71e6ae7f71,,be7e3209d2336c27c9f379d2bc0263a86569295a6ca14bf9ab0f5a2be11c659b,4840,cp_train.log;cir_train.log,c2184f8b2bce79f3e809ccac0807286fa1f2c883eebdbd73ccf65309f9e6917d,4ba31976017321c49f35fb4ac505f12a53c027ea9e17fa69e668585b6cef8db3,69,37,684cec710ed8851c0811f95fd02ff9af882b54c71d21f38f2290aba2cac1c60a,d66ecbd905786cbe2b29ebc7baf28ce94c67401e2aa350af9b5de7d8d6d55dc0,32e838e1eb36cc225c46aad70ab70332122cf98ba9da63c31b804d7037b8fca5,bd1d24067b8d5021d3dc1e90651855e9821b1df7b7bf7683ff55ee61c5a298e7
candidate_ablation,original,4,passed_candidate_source,b9bf5aac7d07cb39cacc7f73eb28166848c19fe4,682431b4dfef72c96c34eda80fe924ae5e3b60b1dd07225c9498a072e5847af4,,be7e3209d2336c27c9f379d2bc0263a86569295a6ca14bf9ab0f5a2be11c659b,4992,cp_train.log;cir_train.log,93db244a9aed4d197307b676c657562416cf251ad59ec1060e72641b3a0688b7,49af655c3cd560735b329808aa1cd6d477d9cc01555d130afd7093a7d93a8f64,79,34,75ba0726b83fbcca48fbfd26d41beafae256273e0d54e7949ce215fb4cd8e549,ebd27e5233f084ec14e6763caa441f171d9362e07f95caa52fb0be575d37f030,daed153d5f1e66300b21ae5ac87502124032ee0b33f17c6c9884fc0babae61fc,bd1d24067b8d5021d3dc1e90651855e9821b1df7b7bf7683ff55ee61c5a298e7
candidate_ablation,original,5,passed_candidate_source,b9bf5aac7d07cb39cacc7f73eb28166848c19fe4,69b50188ee12c7e9d1f88e172e17bad865610b7c8995cf2977cac408712a9f7d,,be7e3209d2336c27c9f379d2bc0263a86569295a6ca14bf9ab0f5a2be11c659b,5040,cp_train.log;cir_train.log,e4658c15261b1570a50aeeb70237758c8d8f9a136eb6726a06e2ffc7e020169e,d8c357582cf235e031d9e19220e68ae7f12d16dab28b03df1d36d2234831f043,50,46,72d803b9f81609500caa93eba241935deb4e6864f863850b07af933ecb7ff66f,8d4607381739f0fd2b9ae87d27efae1ec3570536447e3d5440e97e2d6441a43d,c0edf4acc00688b0c50d7afa91e16ce8ff7b3db6eade60b645e94a5144f917fb,bd1d24067b8d5021d3dc1e90651855e9821b1df7b7bf7683ff55ee61c5a298e7
candidate_ablation,context,1,passed_candidate_source,b9bf5aac7d07cb39cacc7f73eb28166848c19fe4,f19be173d499b34baa6ec10e229e210455011aa244e7aa6a5e33968acc326c29,,be7e3209d2336c27c9f379d2bc0263a86569295a6ca14bf9ab0f5a2be11c659b,4725,cp_train.log;cir_train.log,f43bc459ac816f16baaca69c99a0ca1e7f469e68451e9bb3b92897166ddc3258,8f0c8e64c5942b2b4a9fd1c02dace11d8f90e8e97fff1329aed7e36217481f44,58,52,e10bf9fac0bba70f126d8b5f8f88da1c7498d660f1b2f142d94ae6efdbcc16c4,bc9b0c23580d2aa9443bc08b58fb623e6630316d73f4a94764db97281a72f4a4,bc5e3ca1b4081f62bbad11a8dd139a392d7e4dbe288474651ceee57455c68c53,bd1d24067b8d5021d3dc1e90651855e9821b1df7b7bf7683ff55ee61c5a298e7
candidate_ablation,context,2,passed_candidate_source,b9bf5aac7d07cb39cacc7f73eb28166848c19fe4,9c3eab29ccb88fe4074fed3730f3b12a2b725f51ad06ecf1e96c2dfe11087a5d,,be7e3209d2336c27c9f379d2bc0263a86569295a6ca14bf9ab0f5a2be11c659b,4798,cp_train.log;cir_train.log,0f1d176b53d849c12b0f5958eac5e7ea65697811d52c60f8ae5374b46ad68a54,2f7c08aa6bc15fcd26b09bbea3ba3128ad1ede85d97a99250da9096a333d6903,75,39,626754395a6f54a74760253e6aedad5a5ccb24e065aabf29361c655714a25235,649994183460de1a44c8b05fdaf4d2fdf0c03f3abc918b5227a223191f2f9264,d50ea932b4b3157f635fc0ee507b32802c445a199afced715467ec32cf631e1b,bd1d24067b8d5021d3dc1e90651855e9821b1df7b7bf7683ff55ee61c5a298e7
candidate_ablation,context,3,passed_candidate_source,b9bf5aac7d07cb39cacc7f73eb28166848c19fe4,9ab2358faa33ec538972b701b942d0f5adef798ac2557f5c000194d4e7c51a08,,be7e3209d2336c27c9f379d2bc0263a86569295a6ca14bf9ab0f5a2be11c659b,4946,cp_train.log;cir_train.log,f4e9f90d74fce5e934fdd141ae06d0ad33903bf636cb69b4d480303790c7c4c2,898aa92b6b0ae02ed59de05819b5255b588618db753097dca8056c4bc97105f6,57,30,810c72a6ab6e47d9e6459c4c1cc08cd4e2b58d35568dabbbc0fbf5d6d30dbf26,ad37505399d236290eb9794b47f5476a85c9d709d1e281a26e08912e1feb9b7a,189d45af7f0a6a1a62b048d043f90bb8046fc5f371d6e56401ff7e019f8ba119,bd1d24067b8d5021d3dc1e90651855e9821b1df7b7bf7683ff55ee61c5a298e7
candidate_ablation,context,4,passed_candidate_source,b9bf5aac7d07cb39cacc7f73eb28166848c19fe4,f6fbcf5339f22e11d4f8ee2f904fb780e2cb8fc2686309f23a1d9391e02c48e9,,be7e3209d2336c27c9f379d2bc0263a86569295a6ca14bf9ab0f5a2be11c659b,4956,cp_train.log;cir_train.log,f103a34d8f68d4a5842f78fdc79e10098aea6d4385661d22a0f4eb6ee80ecfee,fd0639c92646d86cfad4744b7e085b917d2a141c3684bfea56431279d625f808,59,39,b002d1021888cb965f464d6309cf0bbd4b7bff3a5719f534ec5aefbec24e1cfd,e65e107e522252c5003079240ab0e0e237209d40c7ec71a5a9d84b803b63d799,731eb9f1ace1ae8c95d0810225bb1aa80eef3128775f9a7eedf1f891e0b0afff,bd1d24067b8d5021d3dc1e90651855e9821b1df7b7bf7683ff55ee61c5a298e7
candidate_ablation,context,5,passed_candidate_source,b9bf5aac7d07cb39cacc7f73eb28166848c19fe4,40c62d74bdf927914f8476cdcd1c0425267418f92f6ca2748eb318497b5af107,,be7e3209d2336c27c9f379d2bc0263a86569295a6ca14bf9ab0f5a2be11c659b,4989,cp_train.log;cir_train.log,f64e556ceb1f34cf936694275a9f2b042dfcf4f0fec4c446949a79d09179b602,3a7b27a9097b0204c302e40e129c92af06c348718457212f9590ca9dd4e9ea46,66,45,c813cc6c5c695f406668c313e021d1f7a382aeb507857890dcc4ea1ea439147a,6fbc3fe07b05539a5cccd9a1ed5a030b4f2ce4230415c4f8482a0e76e5fbdb02,e0c4375ce027fbd9770b628e66ecc82c58bdd3725fb302356c76e8c67b403953,bd1d24067b8d5021d3dc1e90651855e9821b1df7b7bf7683ff55ee61c5a298e7
candidate_ablation,no_weather,1,passed_candidate_source,b9bf5aac7d07cb39cacc7f73eb28166848c19fe4,0a6aa8f76a51c08536b7bc1d920700eedd23cd09f9de974e9be04c417a9fff40,,be7e3209d2336c27c9f379d2bc0263a86569295a6ca14bf9ab0f5a2be11c659b,4790,cp_train.log;cir_train.log,b2b778957a74dc5d50227408404e9bc54bc67793af3c4be685f4e8c7855d03d1,c4ac584a29d8317c5a6dfe4aff6fbd003dfb4567e84fffbbdea6d3ee2685c9f7,64,87,a49af42b71a1726a8a688a4b7fe31f578fb76547bc56d97ea3aa42f5283a83f9,5b257f788af2f9659dd247fb0b48d112e7ed298d5063bfcc7fbdc410e6658d00,c7a95ea95e1fbbcd683bad90a7507e22d868b9678180f1a04bae7f135162069d,bd1d24067b8d5021d3dc1e90651855e9821b1df7b7bf7683ff55ee61c5a298e7
candidate_ablation,no_weather,2,passed_candidate_source,b9bf5aac7d07cb39cacc7f73eb28166848c19fe4,1e3199533fd8de3457fdc44486fc93e5a3311c97b5d3dc3c00eecfa82dbc2fe0,,be7e3209d2336c27c9f379d2bc0263a86569295a6ca14bf9ab0f5a2be11c659b,4812,cp_train.log;cir_train.log,3365765584e045b51b88f37695b54e76cc0214c89b3a380832493e4279a4f7a0,fbce4e88662f352ae62269645d17a2b83ac432a1e249c81acf110fcd2e7e680e,47,59,ceb1ea695673c39dad4c52f045a5011b3af38aaefd07428e15d1085d615d06ed,5ee4a78e59f6f5fb1eda1ada81264cb40ed7478747c2bff4e61a32e4c9d7a8f4,fd81af43f65d5cadd4db8da865b307995793562c9a2ee08cabf8ecb788d9e786,bd1d24067b8d5021d3dc1e90651855e9821b1df7b7bf7683ff55ee61c5a298e7
candidate_ablation,no_weather,3,passed_candidate_source,b9bf5aac7d07cb39cacc7f73eb28166848c19fe4,57ce349270add13e78c2784eca70ca391ca42e127c3a001c99684012d6096c0b,,be7e3209d2336c27c9f379d2bc0263a86569295a6ca14bf9ab0f5a2be11c659b,4992,cp_train.log;cir_train.log,0a3a786c9a084d5c0759452d5b05a2fc1ed72f25d0769bf61815c254d648e744,c24ee6ca5d2aab46a2a34a013b81101322edfa446b0dc9bb3d859784f0ef929e,64,66,66eb6fbe4ab294b8a12d676f1c211cb1efbf3d62d5859933f36cbacc5847ed1c,2b47a7773d4387e920284d700783fc85152c7954db1255bfc3bc1189aef9dc02,5d605b778839eea8bd04f72e0d89870c8b3a48c381b29bd029d16a4f2941bcb1,bd1d24067b8d5021d3dc1e90651855e9821b1df7b7bf7683ff55ee61c5a298e7
candidate_ablation,no_weather,4,passed_candidate_source,b9bf5aac7d07cb39cacc7f73eb28166848c19fe4,53b9fc541e9ca5b946ec1b2f69a7b72ffe2de5ecda171c10a8285cb730536cf8,,be7e3209d2336c27c9f379d2bc0263a86569295a6ca14bf9ab0f5a2be11c659b,4947,cp_train.log;cir_train.log,bd68122bfb10ccb2876f0571f1f64d60ef138668a3bc191046ee58de086f853c,d63c393344ada2f7834650e4b27d35a28a1eac34f25eff21ca93c7d931a584f1,55,37,0df8f20947455854653cdd1bb7616f3b967f6e6cbd74282a91bd5d97fb77fd8e,a7341bd8183dda210db93ed7ba2d95e666bd84c1b61f5cc06a67e6ee4b313292,3ba7d35cfca8d83605e5467c5059c7a992b4fd1f87bdfbbf1d84b181e313abbb,bd1d24067b8d5021d3dc1e90651855e9821b1df7b7bf7683ff55ee61c5a298e7
candidate_ablation,no_weather,5,passed_candidate_source,b9bf5aac7d07cb39cacc7f73eb28166848c19fe4,cb0790a1a3759d125127303fd4b419573d5e485b77995dd0ffa93bac2b2b727d,,be7e3209d2336c27c9f379d2bc0263a86569295a6ca14bf9ab0f5a2be11c659b,4950,cp_train.log;cir_train.log,b7740a601b68f093880745bc4038e46dd8143f45ae962b4aeeee607ab2bddd1b,2e7dc09a89f604b91e8c0c81cfee9e68c3ccf4b3ab091f5b88cfae94f4856745,40,41,f3728ca0417955cbfddc593f73d06e10c1eb9d82a042971a571cf5df3bdca630,e0e268285378f24fc7dafeb0be4ec076c52080f4571ea0f90895e1c3fca0a633,83347f3c2fba334270f1606b777826eb9069ff4193d8abfadc441c3360ad4c32,bd1d24067b8d5021d3dc1e90651855e9821b1df7b7bf7683ff55ee61c5a298e7
candidate_ablation,no_occasion,1,passed_candidate_source,b9bf5aac7d07cb39cacc7f73eb28166848c19fe4,0d79391795cac3072ef450d6f14477c05800b4c6a976d155c86d7afdc6ca6924,,be7e3209d2336c27c9f379d2bc0263a86569295a6ca14bf9ab0f5a2be11c659b,4800,cp_train.log;cir_train.log,150e0e4438b0ffd018f54b187f0ee6a939895fdfa437b58ad7a032db926fce9a,b7281c06c7b131aea72aca405e4da953a9b341018b357e624e296b1efbaa29a0,83,50,54b8040e631331d4016915ac29fcbf034a2e41adc23ff35f4c1fd31b38855c5c,f1dd3a2d4227018ebd7dc94225b633884f95b257914065c4c0d2005a595a07fb,173f8c0262a4771f4329f23d73ec1adf11c70f227d593a88c66aa313cdf1722f,bd1d24067b8d5021d3dc1e90651855e9821b1df7b7bf7683ff55ee61c5a298e7
candidate_ablation,no_occasion,2,passed_candidate_source,b9bf5aac7d07cb39cacc7f73eb28166848c19fe4,431825b8e4ef0301d7ad4cfee69a4a9f130a970fcf76619e546c972d53c8a0be,,be7e3209d2336c27c9f379d2bc0263a86569295a6ca14bf9ab0f5a2be11c659b,4820,cp_train.log;cir_train.log,ccdc063844247d4037b80f15fff0444d913250514fc29f10cdd61a86560b3721,138330baeafb85ea55ad53ffb6f30f113f1555c9d6b611580dd7de17fba7874b,72,83,c2c15e6af2d3297b24efe651999ca9bcb7295c96e818026275c8977f56968027,451d02dea3b3450b14f01b0661a8384db63a6e1368bb80538dcf54eefb4b55d5,0f0e047eda21331d5a1982c7600456a8c44db9ae792a03439d999183f419051f,bd1d24067b8d5021d3dc1e90651855e9821b1df7b7bf7683ff55ee61c5a298e7
candidate_ablation,no_occasion,3,passed_candidate_source,b9bf5aac7d07cb39cacc7f73eb28166848c19fe4,bf2f39949d88d15f1d10b4d16b528921883dc32734fd770cee1c785257877165,,be7e3209d2336c27c9f379d2bc0263a86569295a6ca14bf9ab0f5a2be11c659b,4954,cp_train.log;cir_train.log,da77772baf2e3cc0866c2d6b3555ea4001a70cb16e392602254e066add4c7139,d46ba2cb32fd3b914d467db07c461589d158518287f42e85d90bf4f17bd7c4d6,35,49,e7a4cc16f5aa243708e3d03c51558ae75c59402a97f63a3c47b0ad8b7bfa681f,81f92938ea6e1e4319f2d547b599e3e32ea06e7f6b79e9ee5acc78b59e1baee0,476f120b4e229cecabad7ef2f8290b0dc49cba87be86b5c573c4d042c44b8d62,bd1d24067b8d5021d3dc1e90651855e9821b1df7b7bf7683ff55ee61c5a298e7
candidate_ablation,no_occasion,4,passed_candidate_source,b9bf5aac7d07cb39cacc7f73eb28166848c19fe4,32051c7a5f444c96247d7c2f958752f00f97c8aa9da3710b1a53ed2c7a58bae0,,be7e3209d2336c27c9f379d2bc0263a86569295a6ca14bf9ab0f5a2be11c659b,4991,cp_train.log;cir_train.log,70ce704f659bb693ba1c53efa9186cace74d97ce6e29c8da1d7a1f4b189db297,ea71e533ec3e9132a222480944811d003833f6e431a176302bbd835f9d975fd0,91,57,9bd57b6b8652f287491c8678265ff6be1cb45fbe8c08e91d423544391df803b9,36027b635347f997213b03052ebe023cf33c9fef70ad0dc1f2926b6f56643e0e,bf20475b174f6556e80b8f4e7da89ed5b8bba427ebc37e19d888ab25058177e3,bd1d24067b8d5021d3dc1e90651855e9821b1df7b7bf7683ff55ee61c5a298e7
candidate_ablation,no_occasion,5,passed_candidate_source,b9bf5aac7d07cb39cacc7f73eb28166848c19fe4,0ef1852fdb37033bb9de073f3c8055cc996e9a4e7fff94d1609f3590cf66a618,,be7e3209d2336c27c9f379d2bc0263a86569295a6ca14bf9ab0f5a2be11c659b,4947,cp_train.log;cir_train.log,ce2221bc7924bdb19a74d64ebe63a096539679f8477bf471408f7430bd0077e3,5b125761e4a1f2754a3b5f93c4c79fc7957aa4bd6050fcbe1e49e15054f680e0,39,40,fa4fe8069eef24b80bce5fed92f3d114bc43b725647fc1dd9d6d2237173696d2,fea543b972ae7ce9703d4e9e65dc3692a090b46f141bbd9a7da4d74cb1e0717e,8fb9126dd83313f170aae7bef6513b9796b1da148ebca6a1b45bef2c8c2dadc7,bd1d24067b8d5021d3dc1e90651855e9821b1df7b7bf7683ff55ee61c5a298e7
candidate_ablation,no_style,1,passed_candidate_source,b9bf5aac7d07cb39cacc7f73eb28166848c19fe4,be84b460e407ade9edd5a95a9c7bad283f937f478f5acba8ad6947933305c768,,be7e3209d2336c27c9f379d2bc0263a86569295a6ca14bf9ab0f5a2be11c659b,4780,cp_train.log;cir_train.log,68c8e769943935c510777c5e76d99075caf26ad00108f32d32004b04a459f755,a2c0120c0495b46a64b0775c9a95c2e5200e7aa8fe71af7966c81ac52c8bcb13,66,27,5e830cb97483cd95041c32ef1e8d649810f0e70fe1a4147aa371ec9682a78c3a,dba9e560d79ff9be66b2d0110fa04221d22eabd6d8f1e769a8146709602a0942,40ee4d72168cf5b9d7e5058f516a303f5014d5eacda6a8a80dad3a026adbc897,bd1d24067b8d5021d3dc1e90651855e9821b1df7b7bf7683ff55ee61c5a298e7
candidate_ablation,no_style,2,passed_candidate_source,b9bf5aac7d07cb39cacc7f73eb28166848c19fe4,b18b17f7a0aa67ec37a2b1442db0d378f7fc513d7aafd4e459818104dbfe427a,,be7e3209d2336c27c9f379d2bc0263a86569295a6ca14bf9ab0f5a2be11c659b,4818,cp_train.log;cir_train.log,532cc5222c249a8bf0575d924ec675412d62941a50794601a76fd5fe60ab4e4a,6c1b8ddefcc73878b60db18db2a657727317d5a8bea779806ecb7518a90223ac,59,72,cff0786a3cdd0238f04b2816e15bd047cd8bbf17bba8dbf755db4e82ecffd74f,e2477021fdc7f4c6fdd3348016b6b7ab17f344d64f002b909d0cbfad38ef2548,1f62a490a500a68ac4b8519055774775056db8509a5aca8feea502c6b9694e1a,bd1d24067b8d5021d3dc1e90651855e9821b1df7b7bf7683ff55ee61c5a298e7
candidate_ablation,no_style,3,passed_candidate_source,b9bf5aac7d07cb39cacc7f73eb28166848c19fe4,502048e0a2562d8ecbb77ba1b688cdf13c9c2b67e9109803794f8eac708a402f,,be7e3209d2336c27c9f379d2bc0263a86569295a6ca14bf9ab0f5a2be11c659b,5001,cp_train.log;cir_train.log,0f8507161d0c52454766506a7b0679c5e5a16eaabe3e5f19ffcb9954787a69ee,8cc55cc139f3e9ef20a67fbc59c1efe612c3f456d358ea2289b6f2f5bb42ef04,66,13,de04086ec4549be86ee781710374fdb495ab350795e74f7ba98346637d4e75e1,468616c457e17e04b7ec3657347ed876111713d6d595d922d415774893a02b9e,2a68acc18a3b67b0c57897b410ed6951be8081ac87bb1a357214246b6e81d3aa,bd1d24067b8d5021d3dc1e90651855e9821b1df7b7bf7683ff55ee61c5a298e7
candidate_ablation,no_style,4,passed_candidate_source,b9bf5aac7d07cb39cacc7f73eb28166848c19fe4,3d448e0b84469d50cae47d821973ac45c89618d116fc3a6572c070ef5b1acc91,,be7e3209d2336c27c9f379d2bc0263a86569295a6ca14bf9ab0f5a2be11c659b,4944,cp_train.log;cir_train.log,a5c6edd8da1cb4d89e5835b23b5a2dfb2bad26cb301beff52a7a4fe85ad300d1,e3216aa9df8af92a550e993b17d307eda7dcadf8e81213a9bdf7d08d5905e8c2,60,68,bc2b96771f15ad4ec4bcaf7e78c1dd50fdd7b00d5c8f3ac10fb7949946093f1b,367d6243c24d7df98411c4ebd5864b76ca5de57354f61b45be83e0fd9c427d14,175b71cf5446ac670fb0a2fa1378af5ff25c20bd6d36a2338617869a8f71e968,bd1d24067b8d5021d3dc1e90651855e9821b1df7b7bf7683ff55ee61c5a298e7
candidate_ablation,no_style,5,passed_candidate_source,b9bf5aac7d07cb39cacc7f73eb28166848c19fe4,e90a1091cc4847b86ba70cabf11bab4763e673639a28fa7c0f3bded36e119c1d,,be7e3209d2336c27c9f379d2bc0263a86569295a6ca14bf9ab0f5a2be11c659b,4962,cp_train.log;cir_train.log,42f230185c24fdd7f8a4c5e369266833cad66ad5d4fa9fd7f09048679578b1b2,8a9479bb5c63fc2045b576cd127d2883f134c7d518c099546f467223f63f0c77,64,31,7ac75fb56ba17f7804df11e105be502a1afac840c882ec569d0db00ed422ab2e,f90e78dc3d9ee38c4f5c9cb056cd68ed1e291ee58c24acf63b044d017674b67a,e2cff6e81d2756517bfe7d0f41e3a8222aa387347cf6be4c09c51f50f5514851,bd1d24067b8d5021d3dc1e90651855e9821b1df7b7bf7683ff55ee61c5a298e7
