variant,seed,stage,epoch,train_loss,valid_auc,valid_fitb_acc,lr,seconds
original_text,5,CP,1,0.663320,0.786018,0.432333,0.00100000,2.59
original_text,5,CP,2,0.521593,0.837884,0.484333,0.00100000,2.48
original_text,5,CP,3,0.450044,0.876787,0.525333,0.00100000,2.55
original_text,5,CP,4,0.392985,0.898751,0.552333,0.00100000,2.41
original_text,5,CP,5,0.345060,0.904024,0.566667,0.00100000,2.71
original_text,5,CP,6,0.310005,0.901889,0.566333,0.00100000,2.44
original_text,5,CP,7,0.277310,0.909377,0.583333,0.00100000,2.55
original_text,5,CP,8,0.241171,0.910862,0.570333,0.00100000,2.57
original_text,5,CP,9,0.206506,0.908953,0.568667,0.00100000,2.52
original_text,5,CP,10,0.188709,0.908242,0.584667,0.00100000,2.60
original_text,5,CP,11,0.158309,0.905937,0.584333,0.00100000,2.47
original_text,5,CP,12,0.139459,0.910891,0.569667,0.00100000,2.47
original_text,5,CP,13,0.119935,0.903846,0.577000,0.00050000,2.48
original_text,5,CP,14,0.071202,0.914352,0.584333,0.00050000,2.51
original_text,5,CP,15,0.046551,0.915381,0.589333,0.00050000,2.62
original_text,5,CP,16,0.043104,0.913887,0.582667,0.00050000,2.35
original_text,5,CP,17,0.038543,0.910875,0.576667,0.00050000,2.42
original_text,5,CP,18,0.032238,0.913271,0.590000,0.00050000,2.69
original_text,5,CP,19,0.028552,0.911538,0.587667,0.00050000,2.47
original_text,5,CP,20,0.026564,0.911067,0.582333,0.00050000,2.56
original_text,5,CP,21,0.029003,0.912317,0.587000,0.00025000,2.22
original_text,5,CP,22,0.015999,0.914237,0.578333,0.00025000,2.45
original_text,5,CP,23,0.011324,0.914353,0.583667,0.00025000,2.50
original_text,5,CP,24,0.010731,0.913471,0.580667,0.00012500,2.36
original_text,5,CP,25,0.007535,0.914922,0.585667,0.00012500,2.40
original_text,5,CP,26,0.007106,0.914310,0.584333,0.00012500,2.49
original_text,5,CP,27,0.006334,0.913795,0.583667,0.00006250,2.38
original_text,5,CP,28,0.005039,0.914869,0.585333,0.00006250,2.78
original_text,5,CP,29,0.005375,0.914698,0.585000,0.00006250,2.49
original_text,5,CP,30,0.005151,0.915384,0.584667,0.00003125,2.42
original_text,5,CP,31,0.004315,0.915385,0.585000,0.00003125,2.44
original_text,5,CP,32,0.004067,0.915528,0.586333,0.00003125,2.57
original_text,5,CP,33,0.003800,0.915743,0.585333,0.00001563,2.49
original_text,5,CP,34,0.003866,0.915638,0.584000,0.00001563,2.50
original_text,5,CP,35,0.003873,0.915609,0.585000,0.00001563,2.39
original_text,5,CP,36,0.003906,0.915413,0.584000,0.00000781,2.48
original_text,5,CP,37,0.003388,0.915592,0.584667,0.00000781,2.41
original_text,5,CP,38,0.003322,0.915471,0.586333,0.00000781,2.51
original_text,5,CP,39,0.004016,0.915530,0.584000,0.00000391,2.35
original_text,5,CP,40,0.003440,0.915506,0.583333,0.00000391,2.33
original_text,5,CP,41,0.003105,0.915580,0.583333,0.00000391,2.48
original_text,5,CP,42,0.003622,0.915621,0.583333,0.00000195,2.52
original_text,5,CP,43,0.003752,0.915638,0.583000,0.00000195,2.49
original_text,5,CP,44,0.003708,0.915608,0.583333,0.00000195,2.49
original_text,5,CP,45,0.003465,0.915643,0.584333,0.00000098,2.47
original_text,5,CP,46,0.003516,0.915638,0.583667,0.00000098,2.44
original_text,5,CP,47,0.003623,0.915619,0.584333,0.00000098,2.22
original_text,5,CP,48,0.003495,0.915628,0.583667,0.00000049,2.30
original_text,5,CP,49,0.003570,0.915631,0.583667,0.00000049,2.21
original_text,5,CP,50,0.003432,0.915624,0.584000,0.00000049,2.17
original_text,5,CP,51,0.003839,0.915625,0.583667,0.00000024,2.18
original_text,5,CP,52,0.003234,0.915627,0.583333,0.00000024,2.49
original_text,5,CP,53,0.002897,0.915631,0.584000,0.00000024,2.26
original_text,5,CP,54,0.003506,0.915630,0.583667,0.00000012,2.34
original_text,5,CP,55,0.003661,0.915630,0.583667,0.00000012,2.44
original_text,5,CP,56,0.003054,0.915634,0.584000,0.00000012,2.41
original_text,5,CP,57,0.003452,0.915631,0.584000,0.00000006,2.32
original_text,5,CP,58,0.003339,0.915629,0.584000,0.00000006,2.36
original_text,5,CP,59,0.003463,0.915626,0.584000,0.00000006,2.41
original_text,5,CP,60,0.003210,0.915630,0.584000,0.00000003,2.46
original_text,5,CP,61,0.003649,0.915631,0.584000,0.00000003,2.41
original_text,5,CP,62,0.003684,0.915630,0.584000,0.00000003,2.46
original_text,5,CP,63,0.003458,0.915629,0.584000,0.00000002,2.41
original_text,5,CP,64,0.003361,0.915629,0.584000,0.00000002,2.46
original_text,5,CP,65,0.003564,0.915628,0.584000,0.00000002,2.48
original_text,5,CP,66,0.003723,0.915628,0.584000,0.00000002,2.45
original_text,5,CP,67,0.004161,0.915628,0.584000,0.00000002,2.36
original_text,5,CP,68,0.003631,0.915626,0.584000,0.00000002,2.39
original_text,5,CP,69,0.003552,0.915627,0.584000,0.00000002,2.36
original_text,5,CP,70,0.003807,0.915629,0.584000,0.00000002,2.40
original_text,5,CP,71,0.003793,0.915629,0.584000,0.00000002,2.45
original_text,5,CP,72,0.003520,0.915628,0.584000,0.00000002,2.35
original_text,5,CP,73,0.003746,0.915629,0.584000,0.00000002,2.32
original_text,5,CP,74,0.003617,0.915628,0.584000,0.00000002,2.39
original_text,5,CP,75,0.003366,0.915627,0.584000,0.00000002,2.67
original_text,5,CP,76,0.003898,0.915625,0.584000,0.00000002,2.40
original_text,5,CP,77,0.003696,0.915626,0.584000,0.00000002,2.35
original_text,5,CP,78,0.003448,0.915626,0.584000,0.00000002,2.43
original_text,5,CP,79,0.004205,0.915626,0.584000,0.00000002,2.36
original_text,5,CP,80,0.003636,0.915626,0.584000,0.00000002,2.22
original_text,5,CP,81,0.003589,0.915627,0.584000,0.00000002,2.33
original_text,5,CP,82,0.003712,0.915625,0.584000,0.00000002,2.31
original_text,5,CP,83,0.003588,0.915624,0.584000,0.00000002,2.24
original_text,5,CP,84,0.003677,0.915624,0.584000,0.00000002,2.31
original_text,5,CP,85,0.003164,0.915625,0.584000,0.00000002,2.31
original_text,5,CP,86,0.003637,0.915625,0.584000,0.00000002,2.27
original_text,5,CP,87,0.003360,0.915626,0.584000,0.00000002,2.45
original_text,5,CP,88,0.003563,0.915626,0.584000,0.00000002,2.37
original_text,5,CP,89,0.003758,0.915627,0.584000,0.00000002,2.21
original_text,5,CP,90,0.003090,0.915626,0.584000,0.00000002,2.26
original_text,5,CP,91,0.003641,0.915626,0.584000,0.00000002,2.42
original_text,5,CP,92,0.003449,0.915626,0.584000,0.00000002,2.33
original_text,5,CP,93,0.003361,0.915625,0.584000,0.00000002,2.15
original_text,5,CP,94,0.003721,0.915625,0.584000,0.00000002,2.37
original_text,5,CP,95,0.003177,0.915625,0.584000,0.00000002,2.35
original_text,5,CP,96,0.003532,0.915623,0.584000,0.00000002,2.28
original_text,5,CP,97,0.003623,0.915624,0.584000,0.00000002,2.42
original_text,5,CP,98,0.003383,0.915624,0.584000,0.00000002,2.63
original_text,5,CP,99,0.003305,0.915624,0.584000,0.00000002,2.26
original_text,5,CP,100,0.003681,0.915623,0.584000,0.00000002,2.24
