comparison,metric,mean_difference,seeds_positive,paired_t_p_two_sided
Full - Original,auc,+0.0150,5,6.25555e-07
Full - Original,fitb_acc,+0.0106,5,0.00160388
Full - Original,recall_at_1,+0.0008,2,0.516164
Full - Original,recall_at_3,+0.0024,5,0.037841
Full - Original,recall_at_5,+0.0039,5,0.0174303
Full - Original,recall_at_10,+0.0068,5,0.0467403
Full - Original,recall_at_30,+0.0182,5,0.000986883
Full - Original,recall_at_50,+0.0165,5,0.00885789
Full - No-Weather,auc,+0.0015,5,0.108128
Full - No-Weather,fitb_acc,+0.0031,4,0.10786
Full - No-Weather,recall_at_1,-0.0000,2,1
Full - No-Weather,recall_at_3,-0.0010,1,0.391703
Full - No-Weather,recall_at_5,-0.0014,1,0.394314
Full - No-Weather,recall_at_10,-0.0001,3,0.982967
Full - No-Weather,recall_at_30,+0.0001,3,0.948495
Full - No-Weather,recall_at_50,-0.0052,1,0.0710707
Full - No-Occasion,auc,+0.0048,5,0.0523327
Full - No-Occasion,fitb_acc,+0.0024,2,0.428729
Full - No-Occasion,recall_at_1,-0.0015,0,0.0203539
Full - No-Occasion,recall_at_3,-0.0016,2,0.252382
Full - No-Occasion,recall_at_5,-0.0011,1,0.447929
Full - No-Occasion,recall_at_10,-0.0037,1,0.186654
Full - No-Occasion,recall_at_30,-0.0017,2,0.58691
Full - No-Occasion,recall_at_50,-0.0041,1,0.275734
Full - No-Style,auc,+0.0135,5,1.48091e-07
Full - No-Style,fitb_acc,+0.0126,5,0.00827211
Full - No-Style,recall_at_1,+0.0015,4,0.0823639
Full - No-Style,recall_at_3,+0.0027,3,0.174311
Full - No-Style,recall_at_5,+0.0052,3,0.133486
Full - No-Style,recall_at_10,+0.0106,5,0.000630377
Full - No-Style,recall_at_30,+0.0233,5,0.00881588
Full - No-Style,recall_at_50,+0.0264,5,0.0166312
