major_heading,table_3_1_activities,compendium_activities,with_description_on_code_line,table_3_1_after_processing,rebuilt_from_line_rows,preserved_list,rebuilt_from_all_rows
Bicycling,42,44,44,25,25,25,25
Conditioning Exercise,89,86,85,38,38,38,38
Dancing,35,28,26,18,18,18,20
Fishing & Hunting,38,37,37,18,18,18,18
Home Activities,71,78,75,21,21,21,21
Home Repair,37,37,37,10,10,10,10
Inactivity,14,17,17,4,4,4,4
Lawn & Garden,53,54,54,24,24,24,24
Miscellaneous,41,28,28,9,9,9,9
Music Playing,27,22,22,10,10,10,10
Occupation,143,149,142,34,34,34,34
Running,82,66,66,41,41,41,41
Self Care,11,11,11,6,6,6,6
Sexual Activity,3,3,3,3,3,3,3
Sports,157,156,155,44,44,44,44
Transportation,14,12,12,10,10,10,10
Walking,77,93,93,34,34,34,34
Water Activities,102,87,87,41,41,41,41
Winter Activities,78,52,52,34,34,34,34
Religious Activities,20,24,24,12,12,12,12
Volunteer Activities,22,19,19,13,13,13,13
Video Games,8,8,8,8,8,8,8
Total,1164,1111,1097,457,457,457,459
