pair_id,set_id,factor,direction,target_item_id,counterfactual_description
CF01,216751861,weather,warm_to_cold,196370684,"10°C, cool layered weather, Effortless evening style luxe touch and sleek boots"
CF02,218410318,weather,warm_to_cold,198339576,"10°C, cool layered weather, Red-Hot Beach Vibes Patriotic Sparkle"
CF03,214614273,weather,warm_to_cold,194930801,"10°C, cool layered weather, Effortless Chic: Layered warmth touch of playful color city stroll"
CF04,190756032,weather,warm_to_cold,141471316,"10°C, cool layered weather, Effortless Coastal Chic – Perfect stroll"
CF05,133539481,weather,cold_to_warm,116918686,"30°C, warm breathable weather, Effortless Evening Chic Polka Dot Layer"
CF06,198740117,weather,cold_to_warm,161511694,"30°C, warm breathable weather, Effortless White Button-Downs Chic, Layered Look"
CF07,31317843,weather,cold_to_warm,23408401,"30°C, warm breathable weather, Cozy clogs and a chic, warm-toned dress stylish stroll"
CF08,211329660,weather,cold_to_warm,187612547,"30°C, warm breathable weather, Cozy Cross-Country Ski Adventure Pink Layers"
CF09,222693789,occasion,formal_to_casual,209560917,"22.9° C, Luxurious Indian Ensemble, for a casual daily outing"
CF10,221470979,occasion,formal_to_casual,99992649,"24.9° C, Effortless Evening Chic: Sleek Turtleneck & Tailored Leggings Stylish, for a casual daily outing"
CF11,222409288,occasion,formal_to_casual,206947052,"23.5° C, Effortless floral dresses warm-weather, for a casual daily outing"
CF12,121188291,occasion,formal_to_casual,98717100,"22.8° C, Effortless City Chic Denim Blazer and Pointed Pumps, for a casual daily outing"
CF13,146296814,occasion,casual_to_formal,128013275,"19.9° C, Boho Explorer Vibes – Layered comfort relaxed, for a formal work meeting"
CF14,213811620,occasion,casual_to_formal,63293833,"20.5° C, Effortless Military Chic, for a formal work meeting"
CF15,39196989,occasion,casual_to_formal,38953016,"20.2° C, Cozy City Chic: Layered warmth touch of glamour relaxed, for a formal work meeting"
CF16,215708922,occasion,casual_to_formal,195893378,"18.0° C, Effortless Parisian Style Luxe Layers, for a formal work meeting"
CF17,59207602,style,high_to_low_style,63368910,"25.9° C, simple minimal look"
CF18,224072051,style,high_to_low_style,211712071,"28.7° C, simple minimal look"
CF19,207497813,style,high_to_low_style,183755478,"24.8° C, – Warm, Night Out, simple minimal look"
CF20,174085577,style,high_to_low_style,141588506,"25.2° C, Mini Golf Style, simple minimal look"
CF21,219326466,style,low_to_high_style,31523746,"22.9° C, polished layered elegant style with coordinated details"
CF22,156067516,style,low_to_high_style,81576657,"24.3° C, Warm Day Festival, polished layered elegant style with coordinated details"
CF23,74768367,style,low_to_high_style,76155959,"21.0° C, polished layered elegant style with coordinated details"
CF24,221499036,style,low_to_high_style,201513876,"20.5° C, polished layered elegant style with coordinated details"
