pair_id,factor,direction,non_target_words_removed,occasion_pair_without_occasion_fragment
CF01,weather,warm_to_cold,,
CF02,weather,warm_to_cold,,
CF03,weather,warm_to_cold,,
CF04,weather,warm_to_cold,,
CF05,weather,cold_to_warm,,
CF06,weather,cold_to_warm,,
CF07,weather,cold_to_warm,,
CF08,weather,cold_to_warm,,
CF09,occasion,formal_to_casual,,
CF10,occasion,formal_to_casual,,
CF11,occasion,formal_to_casual,,
CF12,occasion,formal_to_casual,,yes
CF13,occasion,casual_to_formal,,
CF14,occasion,casual_to_formal,,
CF15,occasion,casual_to_formal,,
CF16,occasion,casual_to_formal,style: weekend,
CF17,style,high_to_low_style,occasion: evening,
CF18,style,high_to_low_style,occasion: evening / date,
CF19,style,high_to_low_style,,
CF20,style,high_to_low_style,,
CF21,style,low_to_high_style,weather: summer,
CF22,style,low_to_high_style,,
CF23,style,low_to_high_style,,
CF24,style,low_to_high_style,,
