searched_file,file_role,status,judge_artifact_terms_found,intervention_assessment
/home/ester/valid_description/text-conditioned-outfit-recommendation/train_cp.py,downstream_training_evaluation_or_result_analysis,searched,,no_judge_artifact_reference_found
/home/ester/valid_description/text-conditioned-outfit-recommendation/train_cir.py,downstream_training_evaluation_or_result_analysis,searched,,no_judge_artifact_reference_found
/home/ester/valid_description/text-conditioned-outfit-recommendation/evaluate_cp.py,downstream_training_evaluation_or_result_analysis,searched,,no_judge_artifact_reference_found
/home/ester/valid_description/text-conditioned-outfit-recommendation/evaluate_cir.py,downstream_training_evaluation_or_result_analysis,searched,,no_judge_artifact_reference_found
/home/ester/valid_description/text-conditioned-outfit-recommendation/CP_evaluate.py,downstream_training_evaluation_or_result_analysis,searched,,no_judge_artifact_reference_found
/home/ester/valid_description/text-conditioned-outfit-recommendation/dataset.py,downstream_training_evaluation_or_result_analysis,searched,,no_judge_artifact_reference_found
/home/ester/valid_description/text-conditioned-outfit-recommendation/outfit_transformer.py,downstream_training_evaluation_or_result_analysis,searched,,no_judge_artifact_reference_found
/home/ester/valid_description/text-conditioned-outfit-recommendation/utils.py,downstream_training_evaluation_or_result_analysis,searched,,no_judge_artifact_reference_found
/home/ester/valid_description/text-conditioned-outfit-recommendation/config/base_config.py,downstream_training_evaluation_or_result_analysis,searched,,no_judge_artifact_reference_found
/home/ester/valid_description/text-conditioned-outfit-recommendation/config/cp_cond_hardneg.py,downstream_training_evaluation_or_result_analysis,searched,,no_judge_artifact_reference_found
/home/ester/valid_description/text-conditioned-outfit-recommendation/config/cir_cond_hardneg.py,downstream_training_evaluation_or_result_analysis,searched,,no_judge_artifact_reference_found
/home/ester/valid_description/text-conditioned-outfit-recommendation/5筆資料 t-test.ipynb,downstream_training_evaluation_or_result_analysis,searched,,no_judge_artifact_reference_found
/home/ester/valid_description/text-conditioned-outfit-recommendation/新描述 t-test.ipynb,downstream_training_evaluation_or_result_analysis,searched,,no_judge_artifact_reference_found
