artifact,artifact_type,exists,path,source_scope,paper_use,note
T05_stage2_cp_ablation.csv,table,True,/home/ester/valid_description/experiment data/journal_figures_tables_20260629/tables/T05_stage2_cp_ablation.csv,experiments_none_only / existing subset and ablation analyses,CP no-missing ablation: Full vs no-weather/no-occasion/no-style.,Use as supplementary controlled-factor evidence; do not describe as a new no-image general rewrite baseline.
T06_stage2_cir_ablation.csv,table,True,/home/ester/valid_description/experiment data/journal_figures_tables_20260629/tables/T06_stage2_cir_ablation.csv,experiments_none_only / existing subset and ablation analyses,CIR no-missing ablation: Full vs no-weather/no-occasion/no-style.,Use as supplementary controlled-factor evidence; do not describe as a new no-image general rewrite baseline.
T07_stage2_factor_contribution_ratio.csv,table,True,/home/ester/valid_description/experiment data/journal_figures_tables_20260629/tables/T07_stage2_factor_contribution_ratio.csv,experiments_none_only / existing subset and ablation analyses,Relative factor contribution ratios from existing no-missing ablation.,Use as supplementary controlled-factor evidence; do not describe as a new no-image general rewrite baseline.
T10_stage2_cp_seed_detail.csv,table,True,/home/ester/valid_description/experiment data/journal_figures_tables_20260629/tables/T10_stage2_cp_seed_detail.csv,experiments_none_only / existing subset and ablation analyses,Seed-level CP ablation detail.,Use as supplementary controlled-factor evidence; do not describe as a new no-image general rewrite baseline.
T11_stage2_cir_seed_detail.csv,table,True,/home/ester/valid_description/experiment data/journal_figures_tables_20260629/tables/T11_stage2_cir_seed_detail.csv,experiments_none_only / existing subset and ablation analyses,Seed-level CIR ablation detail.,Use as supplementary controlled-factor evidence; do not describe as a new no-image general rewrite baseline.
T12_subset_robustness_summary.csv,table,True,/home/ester/valid_description/experiment data/journal_figures_tables_20260629/tables/T12_subset_robustness_summary.csv,experiments_none_only / existing subset and ablation analyses,Subset robustness summary from existing analysis.,Use as supplementary controlled-factor evidence; do not describe as a new no-image general rewrite baseline.
T13_subset_delta_hit10_pivot.csv,table,True,/home/ester/valid_description/experiment data/journal_figures_tables_20260629/tables/T13_subset_delta_hit10_pivot.csv,experiments_none_only / existing subset and ablation analyses,Subset delta Hit@10 pivot from existing analysis.,Use as supplementary controlled-factor evidence; do not describe as a new no-image general rewrite baseline.
F01_main_factor_contribution_proportion.png,figure,True,/home/ester/valid_description/experiment data/journal_figures_tables_20260629/figures/F01_main_factor_contribution_proportion.png,experiments_none_only / existing subset and ablation analyses,Existing factor contribution figure.,Use as supplementary controlled-factor evidence; do not describe as a new no-image general rewrite baseline.
F02_subset_hitrate_comparison.png,figure,True,/home/ester/valid_description/experiment data/journal_figures_tables_20260629/figures/F02_subset_hitrate_comparison.png,experiments_none_only / existing subset and ablation analyses,Existing subset Hit@10 comparison figure.,Use as supplementary controlled-factor evidence; do not describe as a new no-image general rewrite baseline.
F03_subset_delta_hit10_heatmap.png,figure,True,/home/ester/valid_description/experiment data/journal_figures_tables_20260629/figures/F03_subset_delta_hit10_heatmap.png,experiments_none_only / existing subset and ablation analyses,Existing subset delta Hit@10 heatmap.,Use as supplementary controlled-factor evidence; do not describe as a new no-image general rewrite baseline.
F04_subset_ablation_across_subsets.png,figure,True,/home/ester/valid_description/experiment data/journal_figures_tables_20260629/figures/F04_subset_ablation_across_subsets.png,experiments_none_only / existing subset and ablation analyses,Existing ablation-across-subsets figure.,Use as supplementary controlled-factor evidence; do not describe as a new no-image general rewrite baseline.
F05_subset_per_dimension_bars.png,figure,True,/home/ester/valid_description/experiment data/journal_figures_tables_20260629/figures/F05_subset_per_dimension_bars.png,experiments_none_only / existing subset and ablation analyses,Existing per-dimension subset bars.,Use as supplementary controlled-factor evidence; do not describe as a new no-image general rewrite baseline.
F06_subset_rank_improvement_by_subset.png,figure,True,/home/ester/valid_description/experiment data/journal_figures_tables_20260629/figures/F06_subset_rank_improvement_by_subset.png,experiments_none_only / existing subset and ablation analyses,Existing rank-improvement-by-subset figure.,Use as supplementary controlled-factor evidence; do not describe as a new no-image general rewrite baseline.
