factor,task,metric,delta_definition,full_fresh_mean,without_factor_fresh_mean,fresh_delta,fresh_sign,archived_T01_delta,archived_T01_sign,sign_comparison_with_archived_T01,scope_note
weather,CP,AUC,full_context_minus_without_factor,0.9271004769778133,0.9255719992876866,0.0015284776901266506,positive,0.0023999999999999577,positive,same,reconstructed fair subset vs archived T01 aggregate; not identical memberwise historical subset
weather,CP,FITB Acc,full_context_minus_without_factor,0.6226384692849949,0.6195770392749245,0.0030614300100704206,positive,0.0037000000000000366,positive,same,reconstructed fair subset vs archived T01 aggregate; not identical memberwise historical subset
weather,CIR,Recall@1,full_context_minus_without_factor,0.011713286713286713,0.011713286713286714,-1.734723475976807e-18,zero,,not_available,not_available,reconstructed fair subset vs archived T01 aggregate; not identical memberwise historical subset
weather,CIR,Recall@3,full_context_minus_without_factor,0.02872960372960373,0.02972027972027972,-0.000990675990675989,negative,,not_available,not_available,reconstructed fair subset vs archived T01 aggregate; not identical memberwise historical subset
weather,CIR,Recall@5,full_context_minus_without_factor,0.04382284382284383,0.04522144522144522,-0.0013986013986013943,negative,,not_available,not_available,reconstructed fair subset vs archived T01 aggregate; not identical memberwise historical subset
weather,CIR,Recall@10,full_context_minus_without_factor,0.07534965034965034,0.0754079254079254,-5.827505827506185e-05,negative,0.0021000000000000046,positive,different,reconstructed fair subset vs archived T01 aggregate; not identical memberwise historical subset
weather,CIR,Recall@30,full_context_minus_without_factor,0.16934731934731934,0.16923076923076924,0.00011655011655009595,positive,0.002999999999999975,positive,same,reconstructed fair subset vs archived T01 aggregate; not identical memberwise historical subset
weather,CIR,Recall@50,full_context_minus_without_factor,0.23082750582750583,0.236013986013986,-0.005186480186480158,negative,0.002599999999999991,positive,different,reconstructed fair subset vs archived T01 aggregate; not identical memberwise historical subset
occasion,CP,AUC,full_context_minus_without_factor,0.9271004769778133,0.9223203027001536,0.004780174277659643,positive,0.0029000000000000137,positive,same,reconstructed fair subset vs archived T01 aggregate; not identical memberwise historical subset
occasion,CP,FITB Acc,full_context_minus_without_factor,0.6226384692849949,0.620281973816717,0.002356495468277875,positive,0.0030999999999999917,positive,same,reconstructed fair subset vs archived T01 aggregate; not identical memberwise historical subset
occasion,CIR,Recall@1,full_context_minus_without_factor,0.011713286713286713,0.01317016317016317,-0.0014568764568764579,negative,,not_available,not_available,reconstructed fair subset vs archived T01 aggregate; not identical memberwise historical subset
occasion,CIR,Recall@3,full_context_minus_without_factor,0.02872960372960373,0.030361305361305362,-0.0016317016317016313,negative,,not_available,not_available,reconstructed fair subset vs archived T01 aggregate; not identical memberwise historical subset
occasion,CIR,Recall@5,full_context_minus_without_factor,0.04382284382284383,0.044930069930069934,-0.0011072261072261058,negative,,not_available,not_available,reconstructed fair subset vs archived T01 aggregate; not identical memberwise historical subset
occasion,CIR,Recall@10,full_context_minus_without_factor,0.07534965034965034,0.07902097902097902,-0.0036713286713286747,negative,0.0007000000000000062,positive,different,reconstructed fair subset vs archived T01 aggregate; not identical memberwise historical subset
occasion,CIR,Recall@30,full_context_minus_without_factor,0.16934731934731934,0.17103729603729603,-0.0016899766899766966,negative,0.0013999999999999846,positive,different,reconstructed fair subset vs archived T01 aggregate; not identical memberwise historical subset
occasion,CIR,Recall@50,full_context_minus_without_factor,0.23082750582750583,0.23496503496503496,-0.004137529137529128,negative,0.00040000000000001146,positive,different,reconstructed fair subset vs archived T01 aggregate; not identical memberwise historical subset
style,CP,AUC,full_context_minus_without_factor,0.9271004769778133,0.913635270883083,0.013465206094730231,positive,0.015499999999999958,positive,same,reconstructed fair subset vs archived T01 aggregate; not identical memberwise historical subset
style,CP,FITB Acc,full_context_minus_without_factor,0.6226384692849949,0.6100503524672709,0.012588116817723982,positive,0.01639999999999997,positive,same,reconstructed fair subset vs archived T01 aggregate; not identical memberwise historical subset
style,CIR,Recall@1,full_context_minus_without_factor,0.011713286713286713,0.010256410256410256,0.0014568764568764561,positive,,not_available,not_available,reconstructed fair subset vs archived T01 aggregate; not identical memberwise historical subset
style,CIR,Recall@3,full_context_minus_without_factor,0.02872960372960373,0.025990675990675994,0.002738927738927737,positive,,not_available,not_available,reconstructed fair subset vs archived T01 aggregate; not identical memberwise historical subset
style,CIR,Recall@5,full_context_minus_without_factor,0.04382284382284383,0.038578088578088574,0.0052447552447552545,positive,,not_available,not_available,reconstructed fair subset vs archived T01 aggregate; not identical memberwise historical subset
style,CIR,Recall@10,full_context_minus_without_factor,0.07534965034965034,0.06474358974358975,0.010606060606060591,positive,0.010999999999999996,positive,same,reconstructed fair subset vs archived T01 aggregate; not identical memberwise historical subset
style,CIR,Recall@30,full_context_minus_without_factor,0.16934731934731934,0.1460955710955711,0.02325174825174825,positive,0.01959999999999998,positive,same,reconstructed fair subset vs archived T01 aggregate; not identical memberwise historical subset
style,CIR,Recall@50,full_context_minus_without_factor,0.23082750582750583,0.20442890442890443,0.026398601398601396,positive,0.02410000000000001,positive,same,reconstructed fair subset vs archived T01 aggregate; not identical memberwise historical subset
