split,semantic_category,item_occurrences,pct_item_occurrences,unique_items,pct_unique_items
train,shoes,16175,18.82,13362,18.57
train,bags,14574,16.96,11832,16.44
train,jewellery,14091,16.40,12067,16.77
train,tops,10465,12.18,9136,12.69
train,bottoms,9653,11.23,7886,10.96
train,all-body,6579,7.66,5751,7.99
train,outerwear,4670,5.43,4153,5.77
train,sunglasses,4503,5.24,3294,4.58
train,hats,2110,2.46,1676,2.33
train,accessories,1885,2.19,1692,2.35
train,scarves,1230,1.43,1118,1.55
valid,shoes,2873,18.79,2736,18.67
valid,bags,2613,17.09,2478,16.91
valid,jewellery,2445,15.99,2378,16.22
valid,tops,1838,12.02,1797,12.26
valid,bottoms,1719,11.24,1640,11.19
valid,all-body,1131,7.40,1096,7.48
valid,outerwear,884,5.78,862,5.88
valid,sunglasses,789,5.16,712,4.86
valid,hats,384,2.51,362,2.47
valid,accessories,351,2.30,339,2.31
valid,scarves,261,1.71,257,1.75
test,shoes,14021,18.88,13225,18.88
test,bags,12329,16.60,11688,16.69
test,jewellery,11254,15.15,10680,15.25
test,tops,9522,12.82,9005,12.86
test,bottoms,8324,11.21,7695,10.99
test,outerwear,5570,7.50,5265,7.52
test,all-body,5322,7.17,5170,7.38
test,sunglasses,2821,3.80,2449,3.50
test,accessories,2017,2.72,1931,2.76
test,hats,1638,2.21,1529,2.18
test,scarves,1444,1.94,1398,2.00
all_po_d,shoes,33069,18.84,28534,18.68
all_po_d,bags,29516,16.82,25287,16.55
all_po_d,jewellery,27790,15.84,24506,16.04
all_po_d,tops,21825,12.44,19561,12.80
all_po_d,bottoms,19696,11.22,16752,10.96
all_po_d,all-body,13032,7.43,11783,7.71
all_po_d,outerwear,11124,6.34,10111,6.62
all_po_d,sunglasses,8113,4.62,6152,4.03
all_po_d,accessories,4253,2.42,3904,2.56
all_po_d,hats,4132,2.35,3463,2.27
all_po_d,scarves,2935,1.67,2732,1.79
