model,pair_id,condition,set_id,factor,direction,query_text,target_item_id,target_item_fg,rank,hit@1,hit@5,hit@10,top1_id,top5_ids,top10_ids,top10_scores
seed2,CF01,context_aware,216751861,weather,warm_to_cold,"28.1° C, Effortless evening style with a luxe touch and sleek boots",196370684,318,266,0,0,0,188262954,188262954 | 201368819 | 192320374 | 191986240 | 212402327,188262954 | 201368819 | 192320374 | 191986240 | 212402327 | 201813634 | 100624528 | 147449980 | 136537570 | 194866856,0.729192 | 0.714801 | 0.712272 | 0.700654 | 0.696819 | 0.680562 | 0.679722 | 0.666483 | 0.666368 | 0.660898
seed2,CF01,counterfactual,216751861,weather,warm_to_cold,"10°C, cool layered weather, Effortless evening style luxe touch and sleek boots",196370684,318,359,0,0,0,191986240,191986240 | 201368819 | 188262954 | 100624528 | 212402327,191986240 | 201368819 | 188262954 | 100624528 | 212402327 | 192320374 | 210373394 | 201813634 | 196074527 | 188527341,0.732448 | 0.699115 | 0.697554 | 0.675709 | 0.673127 | 0.655387 | 0.645763 | 0.645084 | 0.642020 | 0.633912
seed2,CF01,context_aware_live,216751861,weather,warm_to_cold,"28.1° C, Effortless evening style with a luxe touch and sleek boots",196370684,318,266,0,0,0,188262954,188262954 | 201368819 | 192320374 | 191986240 | 212402327,188262954 | 201368819 | 192320374 | 191986240 | 212402327 | 201813634 | 100624528 | 147449980 | 136537570 | 194866856,0.729191 | 0.714801 | 0.712272 | 0.700654 | 0.696819 | 0.680562 | 0.679722 | 0.666483 | 0.666368 | 0.660898
seed2,CF02,context_aware,218410318,weather,warm_to_cold,"27.9° C, Red-Hot Beach Vibes with Patriotic Sparkle",198339576,57,24,0,0,0,161283240,161283240 | 112978685 | 196545171 | 154105888 | 168668833,161283240 | 112978685 | 196545171 | 154105888 | 168668833 | 30016302 | 51264176 | 57896054 | 87542376 | 193540632,0.589296 | 0.572977 | 0.562493 | 0.552907 | 0.551990 | 0.551748 | 0.544347 | 0.533012 | 0.521587 | 0.503227
seed2,CF02,counterfactual,218410318,weather,warm_to_cold,"10°C, cool layered weather, Red-Hot Beach Vibes Patriotic Sparkle",198339576,57,29,0,0,0,161283240,161283240 | 112978685 | 168668833 | 196545171 | 57896054,161283240 | 112978685 | 168668833 | 196545171 | 57896054 | 51264176 | 30016302 | 154105888 | 140491717 | 193540632,0.581232 | 0.580771 | 0.574466 | 0.566528 | 0.555183 | 0.545193 | 0.532274 | 0.517427 | 0.516997 | 0.513043
seed2,CF02,context_aware_live,218410318,weather,warm_to_cold,"27.9° C, Red-Hot Beach Vibes with Patriotic Sparkle",198339576,57,24,0,0,0,161283240,161283240 | 112978685 | 196545171 | 154105888 | 168668833,161283240 | 112978685 | 196545171 | 154105888 | 168668833 | 30016302 | 51264176 | 57896054 | 87542376 | 193540632,0.589296 | 0.572977 | 0.562493 | 0.552907 | 0.551990 | 0.551748 | 0.544348 | 0.533012 | 0.521587 | 0.503227
seed2,CF03,context_aware,214614273,weather,warm_to_cold,"25.2° C, Effortless Chic: Layered warmth with a touch of playful color for a breezy city stroll",194930801,24,1187,0,0,0,139493340,139493340 | 189886211 | 189591262 | 53953555 | 190978694,139493340 | 189886211 | 189591262 | 53953555 | 190978694 | 185843104 | 116305755 | 115649333 | 195306869 | 151789657,0.701803 | 0.678468 | 0.677248 | 0.634573 | 0.624860 | 0.622854 | 0.620669 | 0.614024 | 0.591254 | 0.584550
seed2,CF03,counterfactual,214614273,weather,warm_to_cold,"10°C, cool layered weather, Effortless Chic: Layered warmth touch of playful color city stroll",194930801,24,857,0,0,0,53953555,53953555 | 139493340 | 189591262 | 151789657 | 189886211,53953555 | 139493340 | 189591262 | 151789657 | 189886211 | 156449905 | 190978694 | 149240556 | 188647489 | 185843104,0.684559 | 0.663338 | 0.661395 | 0.606330 | 0.595835 | 0.577896 | 0.566166 | 0.555288 | 0.553849 | 0.545283
seed2,CF03,context_aware_live,214614273,weather,warm_to_cold,"25.2° C, Effortless Chic: Layered warmth with a touch of playful color for a breezy city stroll",194930801,24,1187,0,0,0,139493340,139493340 | 189886211 | 189591262 | 53953555 | 190978694,139493340 | 189886211 | 189591262 | 53953555 | 190978694 | 185843104 | 116305755 | 115649333 | 195306869 | 151789657,0.701803 | 0.678467 | 0.677248 | 0.634573 | 0.624859 | 0.622854 | 0.620669 | 0.614023 | 0.591254 | 0.584550
seed2,CF04,context_aware,190756032,weather,warm_to_cold,"25.3° C, Effortless Coastal Chic – Perfect for a sun-kissed evening stroll",141471316,19,1138,0,0,0,174772131,174772131 | 193647406 | 196325423 | 133462579 | 197478323,174772131 | 193647406 | 196325423 | 133462579 | 197478323 | 154590529 | 187526598 | 200377149 | 202742618 | 119558347,0.473799 | 0.456372 | 0.453096 | 0.445513 | 0.434296 | 0.431275 | 0.391025 | 0.387088 | 0.379346 | 0.378548
seed2,CF04,counterfactual,190756032,weather,warm_to_cold,"10°C, cool layered weather, Effortless Coastal Chic – Perfect stroll",141471316,19,515,0,0,0,119558347,119558347 | 197857094 | 193647406 | 174772131 | 130413237,119558347 | 197857094 | 193647406 | 174772131 | 130413237 | 88413051 | 196325423 | 153093208 | 191698546 | 159604284,0.557009 | 0.548270 | 0.532495 | 0.523765 | 0.501235 | 0.500785 | 0.493285 | 0.491713 | 0.480906 | 0.480836
seed2,CF04,context_aware_live,190756032,weather,warm_to_cold,"25.3° C, Effortless Coastal Chic – Perfect for a sun-kissed evening stroll",141471316,19,1138,0,0,0,174772131,174772131 | 193647406 | 196325423 | 133462579 | 197478323,174772131 | 193647406 | 196325423 | 133462579 | 197478323 | 154590529 | 187526598 | 200377149 | 202742618 | 119558347,0.473799 | 0.456372 | 0.453096 | 0.445513 | 0.434296 | 0.431276 | 0.391025 | 0.387088 | 0.379347 | 0.378548
seed2,CF05,context_aware,133539481,weather,cold_to_warm,"13.1° C, Effortless Evening Chic with a Polka Dot Layer",116918686,38,1035,0,0,0,200665837,200665837 | 151312076 | 83451778 | 153364732 | 157158226,200665837 | 151312076 | 83451778 | 153364732 | 157158226 | 133953050 | 183904957 | 137758390 | 191958683 | 135619578,0.690886 | 0.689428 | 0.688662 | 0.676761 | 0.675939 | 0.668101 | 0.667355 | 0.649410 | 0.646634 | 0.643883
seed2,CF05,counterfactual,133539481,weather,cold_to_warm,"30°C, warm breathable weather, Effortless Evening Chic Polka Dot Layer",116918686,38,1191,0,0,0,83451778,83451778 | 133953050 | 127908736 | 137758390 | 153364732,83451778 | 133953050 | 127908736 | 137758390 | 153364732 | 200665837 | 151312076 | 100948669 | 183904957 | 191958683,0.695624 | 0.674950 | 0.663527 | 0.660082 | 0.656814 | 0.649517 | 0.643075 | 0.632381 | 0.632222 | 0.629839
seed2,CF05,context_aware_live,133539481,weather,cold_to_warm,"13.1° C, Effortless Evening Chic with a Polka Dot Layer",116918686,38,1035,0,0,0,200665837,200665837 | 151312076 | 83451778 | 153364732 | 157158226,200665837 | 151312076 | 83451778 | 153364732 | 157158226 | 133953050 | 183904957 | 137758390 | 191958683 | 135619578,0.690886 | 0.689428 | 0.688661 | 0.676761 | 0.675939 | 0.668101 | 0.667355 | 0.649409 | 0.646634 | 0.643883
seed2,CF06,context_aware,198740117,weather,cold_to_warm,"16.8° C, Effortless White Button-Downs for a Chic, Layered Look",161511694,64,2917,0,0,0,71321175,71321175 | 142119938 | 5694674 | 153594881 | 117779242,71321175 | 142119938 | 5694674 | 153594881 | 117779242 | 32645292 | 173196317 | 108096010 | 22684085 | 164710153,0.678474 | 0.642064 | 0.633614 | 0.630515 | 0.624377 | 0.620098 | 0.616888 | 0.615977 | 0.615545 | 0.611854
seed2,CF06,counterfactual,198740117,weather,cold_to_warm,"30°C, warm breathable weather, Effortless White Button-Downs Chic, Layered Look",161511694,64,2866,0,0,0,71321175,71321175 | 5694674 | 117779242 | 142119938 | 173196317,71321175 | 5694674 | 117779242 | 142119938 | 173196317 | 153594881 | 32645292 | 22684085 | 147755307 | 156912710,0.683833 | 0.636519 | 0.635177 | 0.631264 | 0.624720 | 0.620394 | 0.618243 | 0.618236 | 0.618147 | 0.617568
seed2,CF06,context_aware_live,198740117,weather,cold_to_warm,"16.8° C, Effortless White Button-Downs for a Chic, Layered Look",161511694,64,2917,0,0,0,71321175,71321175 | 142119938 | 5694674 | 153594881 | 117779242,71321175 | 142119938 | 5694674 | 153594881 | 117779242 | 32645292 | 173196317 | 108096010 | 22684085 | 164710153,0.678474 | 0.642064 | 0.633614 | 0.630515 | 0.624377 | 0.620098 | 0.616888 | 0.615977 | 0.615545 | 0.611854
seed2,CF07,context_aware,31317843,weather,cold_to_warm,"-11.6° C, Cozy clogs and a chic, warm-toned dress for a stylish winter stroll",23408401,4,233,0,0,0,144050886,144050886 | 191461276 | 183782014 | 155481732 | 149095048,144050886 | 191461276 | 183782014 | 155481732 | 149095048 | 148215640 | 145659052 | 194446742 | 148990140 | 63004444,0.774224 | 0.717968 | 0.717707 | 0.708669 | 0.705340 | 0.683668 | 0.679746 | 0.679657 | 0.673072 | 0.669718
seed2,CF07,counterfactual,31317843,weather,cold_to_warm,"30°C, warm breathable weather, Cozy clogs and a chic, warm-toned dress stylish stroll",23408401,4,86,0,0,0,144050886,144050886 | 155481732 | 183782014 | 145659052 | 46664249,144050886 | 155481732 | 183782014 | 145659052 | 46664249 | 164940716 | 149582480 | 149095048 | 191461276 | 129450387,0.722495 | 0.717169 | 0.681454 | 0.676054 | 0.653895 | 0.653158 | 0.651128 | 0.644705 | 0.635129 | 0.630986
seed2,CF07,context_aware_live,31317843,weather,cold_to_warm,"-11.6° C, Cozy clogs and a chic, warm-toned dress for a stylish winter stroll",23408401,4,233,0,0,0,144050886,144050886 | 191461276 | 183782014 | 155481732 | 149095048,144050886 | 191461276 | 183782014 | 155481732 | 149095048 | 148215640 | 145659052 | 194446742 | 148990140 | 63004444,0.774224 | 0.717968 | 0.717707 | 0.708669 | 0.705339 | 0.683668 | 0.679746 | 0.679657 | 0.673071 | 0.669718
seed2,CF08,context_aware,211329660,weather,cold_to_warm,"16.1° C, Cozy Cross-Country Ski Adventure with Pink Layers",187612547,25,6,0,0,1,148588409,148588409 | 160435529 | 191638246 | 123615192 | 157458871,148588409 | 160435529 | 191638246 | 123615192 | 157458871 | 187612547 | 95327305 | 191955357 | 185022050 | 129594358,0.679498 | 0.672279 | 0.654373 | 0.650399 | 0.627633 | 0.623818 | 0.613824 | 0.610729 | 0.605760 | 0.603333
seed2,CF08,counterfactual,211329660,weather,cold_to_warm,"30°C, warm breathable weather, Cozy Cross-Country Ski Adventure Pink Layers",187612547,25,8,0,0,1,160435529,160435529 | 148588409 | 191638246 | 123615192 | 157458871,160435529 | 148588409 | 191638246 | 123615192 | 157458871 | 48307875 | 188477144 | 187612547 | 191955357 | 129594358,0.670755 | 0.661843 | 0.639553 | 0.624631 | 0.616357 | 0.607907 | 0.602845 | 0.598596 | 0.587046 | 0.583144
seed2,CF08,context_aware_live,211329660,weather,cold_to_warm,"16.1° C, Cozy Cross-Country Ski Adventure with Pink Layers",187612547,25,6,0,0,1,148588409,148588409 | 160435529 | 191638246 | 123615192 | 157458871,148588409 | 160435529 | 191638246 | 123615192 | 157458871 | 187612547 | 95327305 | 191955357 | 185022050 | 129594358,0.679498 | 0.672279 | 0.654372 | 0.650399 | 0.627633 | 0.623818 | 0.613824 | 0.610729 | 0.605760 | 0.603333
seed2,CF09,context_aware,222693789,occasion,formal_to_casual,"22.9° C, Luxurious Indian Wedding Evening Ensemble",209560917,106,1,1,1,1,209560917,209560917 | 155027873 | 3927956 | 95292814 | 110839482,209560917 | 155027873 | 3927956 | 95292814 | 110839482 | 113535703 | 190477726 | 74052422 | 201044767 | 186850348,0.673505 | 0.670197 | 0.649576 | 0.624217 | 0.613617 | 0.610466 | 0.605511 | 0.569541 | 0.563035 | 0.558470
seed2,CF09,counterfactual,222693789,occasion,formal_to_casual,"22.9° C, Luxurious Indian Ensemble, for a casual daily outing",209560917,106,31,0,0,0,3927956,3927956 | 78062920 | 157126428 | 72559249 | 168806262,3927956 | 78062920 | 157126428 | 72559249 | 168806262 | 206908063 | 110839482 | 155027873 | 200976419 | 161625146,0.564073 | 0.546579 | 0.537817 | 0.537290 | 0.529370 | 0.522942 | 0.517233 | 0.508172 | 0.503601 | 0.498818
seed2,CF09,context_aware_live,222693789,occasion,formal_to_casual,"22.9° C, Luxurious Indian Wedding Evening Ensemble",209560917,106,1,1,1,1,209560917,209560917 | 155027873 | 3927956 | 95292814 | 110839482,209560917 | 155027873 | 3927956 | 95292814 | 110839482 | 113535703 | 190477726 | 74052422 | 201044767 | 186850348,0.673505 | 0.670197 | 0.649576 | 0.624217 | 0.613617 | 0.610466 | 0.605511 | 0.569541 | 0.563035 | 0.558470
seed2,CF10,context_aware,221470979,occasion,formal_to_casual,"24.9° C, Effortless Evening Chic: Sleek Turtleneck & Tailored Leggings for a Stylish Night Out",99992649,43,17,0,0,0,129748527,129748527 | 115645977 | 102607958 | 75839915 | 102691911,129748527 | 115645977 | 102607958 | 75839915 | 102691911 | 162142216 | 81135713 | 98314945 | 72741345 | 67857747,0.807749 | 0.785522 | 0.776772 | 0.774419 | 0.771649 | 0.764877 | 0.757319 | 0.753970 | 0.752547 | 0.745885
seed2,CF10,counterfactual,221470979,occasion,formal_to_casual,"24.9° C, Effortless Evening Chic: Sleek Turtleneck & Tailored Leggings Stylish, for a casual daily outing",99992649,43,19,0,0,0,129748527,129748527 | 115645977 | 102607958 | 75839915 | 146898856,129748527 | 115645977 | 102607958 | 75839915 | 146898856 | 102691911 | 98314945 | 68189198 | 81135713 | 112320644,0.793844 | 0.765427 | 0.749274 | 0.747302 | 0.745440 | 0.735606 | 0.731968 | 0.730302 | 0.725536 | 0.716211
seed2,CF10,context_aware_live,221470979,occasion,formal_to_casual,"24.9° C, Effortless Evening Chic: Sleek Turtleneck & Tailored Leggings for a Stylish Night Out",99992649,43,17,0,0,0,129748527,129748527 | 115645977 | 102607958 | 75839915 | 102691911,129748527 | 115645977 | 102607958 | 75839915 | 102691911 | 162142216 | 81135713 | 98314945 | 72741345 | 67857747,0.807749 | 0.785522 | 0.776772 | 0.774419 | 0.771649 | 0.764878 | 0.757319 | 0.753970 | 0.752547 | 0.745885
seed2,CF11,context_aware,222409288,occasion,formal_to_casual,"23.5° C, Effortless floral dresses for a warm-weather garden party",206947052,4,51,0,0,0,204124240,204124240 | 165619853 | 168074947 | 212277102 | 78864979,204124240 | 165619853 | 168074947 | 212277102 | 78864979 | 164258790 | 93707137 | 190777107 | 105642237 | 159280808,0.763958 | 0.752452 | 0.750515 | 0.749542 | 0.741017 | 0.719100 | 0.700232 | 0.699469 | 0.698429 | 0.691771
seed2,CF11,counterfactual,222409288,occasion,formal_to_casual,"23.5° C, Effortless floral dresses warm-weather, for a casual daily outing",206947052,4,130,0,0,0,204124240,204124240 | 175596949 | 190777107 | 168074947 | 212277102,204124240 | 175596949 | 190777107 | 168074947 | 212277102 | 159255378 | 109344674 | 165619853 | 141229948 | 205530255,0.692550 | 0.687468 | 0.676100 | 0.673149 | 0.664408 | 0.653002 | 0.650132 | 0.646782 | 0.646547 | 0.646482
seed2,CF11,context_aware_live,222409288,occasion,formal_to_casual,"23.5° C, Effortless floral dresses for a warm-weather garden party",206947052,4,51,0,0,0,204124240,204124240 | 165619853 | 168074947 | 212277102 | 78864979,204124240 | 165619853 | 168074947 | 212277102 | 78864979 | 164258790 | 93707137 | 190777107 | 105642237 | 159280808,0.763959 | 0.752452 | 0.750515 | 0.749542 | 0.741017 | 0.719100 | 0.700232 | 0.699469 | 0.698429 | 0.691771
seed2,CF12,context_aware,121188291,occasion,formal_to_casual,"22.8° C, Effortless City Chic with a Denim Blazer and Pointed Pumps",98717100,11,402,0,0,0,44379900,44379900 | 112458665 | 54076713 | 74540053 | 116912730,44379900 | 112458665 | 54076713 | 74540053 | 116912730 | 191958268 | 11932841 | 102827951 | 135786428 | 55386049,0.623558 | 0.605024 | 0.597735 | 0.596496 | 0.595355 | 0.591617 | 0.583571 | 0.580410 | 0.574502 | 0.566193
seed2,CF12,counterfactual,121188291,occasion,formal_to_casual,"22.8° C, Effortless City Chic Denim Blazer and Pointed Pumps, for a casual daily outing",98717100,11,387,0,0,0,44379900,44379900 | 54076713 | 191958268 | 116912730 | 135786428,44379900 | 54076713 | 191958268 | 116912730 | 135786428 | 11932841 | 74540053 | 102827951 | 113214292 | 112458665,0.649503 | 0.640184 | 0.631970 | 0.627012 | 0.618028 | 0.612282 | 0.607746 | 0.601072 | 0.600537 | 0.599751
seed2,CF12,context_aware_live,121188291,occasion,formal_to_casual,"22.8° C, Effortless City Chic with a Denim Blazer and Pointed Pumps",98717100,11,402,0,0,0,44379900,44379900 | 112458665 | 54076713 | 74540053 | 116912730,44379900 | 112458665 | 54076713 | 74540053 | 116912730 | 191958268 | 11932841 | 102827951 | 135786428 | 55386049,0.623558 | 0.605024 | 0.597735 | 0.596496 | 0.595355 | 0.591617 | 0.583571 | 0.580411 | 0.574502 | 0.566193
seed2,CF13,context_aware,146296814,occasion,casual_to_formal,"19.9° C, Boho Explorer Vibes – Layered comfort for a relaxed outdoor adventure",128013275,106,287,0,0,0,51741880,51741880 | 153766860 | 209640683 | 215232789 | 131539847,51741880 | 153766860 | 209640683 | 215232789 | 131539847 | 187985059 | 145088254 | 81326696 | 158912014 | 55143452,0.609803 | 0.603212 | 0.591288 | 0.590104 | 0.588398 | 0.566040 | 0.564523 | 0.557182 | 0.551609 | 0.534300
seed2,CF13,counterfactual,146296814,occasion,casual_to_formal,"19.9° C, Boho Explorer Vibes – Layered comfort relaxed, for a formal work meeting",128013275,106,360,0,0,0,215232789,215232789 | 209640683 | 153766860 | 131539847 | 55143452,215232789 | 209640683 | 153766860 | 131539847 | 55143452 | 51741880 | 145088254 | 187985059 | 205132688 | 198374420,0.633558 | 0.602626 | 0.601894 | 0.593048 | 0.573276 | 0.566028 | 0.565099 | 0.548412 | 0.546788 | 0.544510
seed2,CF13,context_aware_live,146296814,occasion,casual_to_formal,"19.9° C, Boho Explorer Vibes – Layered comfort for a relaxed outdoor adventure",128013275,106,287,0,0,0,51741880,51741880 | 153766860 | 209640683 | 215232789 | 131539847,51741880 | 153766860 | 209640683 | 215232789 | 131539847 | 187985059 | 145088254 | 81326696 | 158912014 | 55143452,0.609803 | 0.603212 | 0.591288 | 0.590103 | 0.588398 | 0.566040 | 0.564523 | 0.557182 | 0.551609 | 0.534300
seed2,CF14,context_aware,213811620,occasion,casual_to_formal,"20.5° C, Effortless Military Chic for a Weekend Adventure",63293833,57,183,0,0,0,88411977,88411977 | 178650612 | 136519761 | 88909992 | 149204965,88411977 | 178650612 | 136519761 | 88909992 | 149204965 | 80256390 | 194243731 | 102144765 | 92022603 | 210826602,0.721546 | 0.712726 | 0.709302 | 0.708307 | 0.695827 | 0.693281 | 0.691534 | 0.687675 | 0.687204 | 0.680579
seed2,CF14,counterfactual,213811620,occasion,casual_to_formal,"20.5° C, Effortless Military Chic, for a formal work meeting",63293833,57,165,0,0,0,136519761,136519761 | 88411977 | 92022603 | 88909992 | 52733940,136519761 | 88411977 | 92022603 | 88909992 | 52733940 | 178650612 | 160487050 | 11077421 | 53594227 | 34769851,0.756037 | 0.699145 | 0.694069 | 0.693017 | 0.681240 | 0.680107 | 0.674799 | 0.673750 | 0.671563 | 0.671549
seed2,CF14,context_aware_live,213811620,occasion,casual_to_formal,"20.5° C, Effortless Military Chic for a Weekend Adventure",63293833,57,183,0,0,0,88411977,88411977 | 178650612 | 136519761 | 88909992 | 149204965,88411977 | 178650612 | 136519761 | 88909992 | 149204965 | 80256390 | 194243731 | 102144765 | 92022603 | 210826602,0.721546 | 0.712725 | 0.709302 | 0.708307 | 0.695827 | 0.693281 | 0.691534 | 0.687675 | 0.687204 | 0.680579
seed2,CF15,context_aware,39196989,occasion,casual_to_formal,"20.2° C, Cozy City Chic: Layered warmth with a touch of glamour for a relaxed evening out",38953016,24,129,0,0,0,153686591,153686591 | 52150188 | 157731474 | 42479498 | 153807606,153686591 | 52150188 | 157731474 | 42479498 | 153807606 | 187676919 | 89613604 | 67245200 | 194929745 | 120182956,0.786990 | 0.783851 | 0.770656 | 0.767917 | 0.767530 | 0.763685 | 0.762514 | 0.760188 | 0.758677 | 0.758590
seed2,CF15,counterfactual,39196989,occasion,casual_to_formal,"20.2° C, Cozy City Chic: Layered warmth touch of glamour relaxed, for a formal work meeting",38953016,24,550,0,0,0,42479498,42479498 | 36774649 | 92600953 | 157731474 | 153686591,42479498 | 36774649 | 92600953 | 157731474 | 153686591 | 153807606 | 149661340 | 143869635 | 52150188 | 157362859,0.788249 | 0.782278 | 0.778993 | 0.777110 | 0.775377 | 0.773409 | 0.769575 | 0.767374 | 0.767049 | 0.763881
seed2,CF15,context_aware_live,39196989,occasion,casual_to_formal,"20.2° C, Cozy City Chic: Layered warmth with a touch of glamour for a relaxed evening out",38953016,24,129,0,0,0,153686591,153686591 | 52150188 | 157731474 | 42479498 | 153807606,153686591 | 52150188 | 157731474 | 42479498 | 153807606 | 187676919 | 89613604 | 67245200 | 194929745 | 120182956,0.786990 | 0.783851 | 0.770656 | 0.767917 | 0.767530 | 0.763685 | 0.762514 | 0.760188 | 0.758677 | 0.758590
seed2,CF16,context_aware,215708922,occasion,casual_to_formal,"18.0° C, Effortless Parisian Weekend Style with Luxe Layers",195893378,19,772,0,0,0,154974082,154974082 | 179848244 | 185419253 | 44378343 | 181306926,154974082 | 179848244 | 185419253 | 44378343 | 181306926 | 118415609 | 190182367 | 148970157 | 90543514 | 193586731,0.716330 | 0.715251 | 0.689331 | 0.682985 | 0.678994 | 0.677623 | 0.676031 | 0.674573 | 0.669686 | 0.669681
seed2,CF16,counterfactual,215708922,occasion,casual_to_formal,"18.0° C, Effortless Parisian Style Luxe Layers, for a formal work meeting",195893378,19,490,0,0,0,154974082,154974082 | 145166377 | 151091939 | 44378343 | 149190919,154974082 | 145166377 | 151091939 | 44378343 | 149190919 | 190182367 | 179848244 | 65474091 | 153692132 | 148970157,0.686381 | 0.660876 | 0.658343 | 0.654626 | 0.652269 | 0.650088 | 0.649811 | 0.642493 | 0.642095 | 0.639265
seed2,CF16,context_aware_live,215708922,occasion,casual_to_formal,"18.0° C, Effortless Parisian Weekend Style with Luxe Layers",195893378,19,772,0,0,0,154974082,154974082 | 179848244 | 185419253 | 44378343 | 181306926,154974082 | 179848244 | 185419253 | 44378343 | 181306926 | 118415609 | 190182367 | 148970157 | 90543514 | 193586731,0.716330 | 0.715251 | 0.689331 | 0.682985 | 0.678994 | 0.677623 | 0.676031 | 0.674573 | 0.669686 | 0.669681
seed2,CF17,context_aware,59207602,style,high_to_low_style,"25.9° C, Effortless Evening Glam with Lace and Pearls",63368910,37,1345,0,0,0,138479009,138479009 | 101532006 | 148067653 | 166075041 | 156440997,138479009 | 101532006 | 148067653 | 166075041 | 156440997 | 183955374 | 136507752 | 184071121 | 155926657 | 207481345,0.567243 | 0.548929 | 0.545796 | 0.536004 | 0.534744 | 0.526417 | 0.525151 | 0.522436 | 0.519706 | 0.508169
seed2,CF17,counterfactual,59207602,style,high_to_low_style,"25.9° C, simple minimal look",63368910,37,619,0,0,0,155777164,155777164 | 106707591 | 183673647 | 108702236 | 72882254,155777164 | 106707591 | 183673647 | 108702236 | 72882254 | 144129822 | 100685510 | 47984661 | 150924021 | 149181107,0.513668 | 0.497237 | 0.491259 | 0.488498 | 0.479973 | 0.476930 | 0.467685 | 0.466162 | 0.465149 | 0.463265
seed2,CF17,context_aware_live,59207602,style,high_to_low_style,"25.9° C, Effortless Evening Glam with Lace and Pearls",63368910,37,1345,0,0,0,138479009,138479009 | 101532006 | 148067653 | 166075041 | 156440997,138479009 | 101532006 | 148067653 | 166075041 | 156440997 | 183955374 | 136507752 | 184071121 | 155926657 | 207481345,0.567243 | 0.548929 | 0.545796 | 0.536004 | 0.534744 | 0.526417 | 0.525152 | 0.522436 | 0.519706 | 0.508169
seed2,CF18,context_aware,224072051,style,high_to_low_style,"28.7° C, Effortless evening date look with statement heels and warm, sculptural earrings",211712071,261,751,0,0,0,88186608,88186608 | 209683246 | 200785600 | 157435595 | 159313391,88186608 | 209683246 | 200785600 | 157435595 | 159313391 | 93962935 | 64921344 | 205288241 | 64747034 | 198297085,0.622438 | 0.594236 | 0.591139 | 0.580239 | 0.562518 | 0.560833 | 0.560647 | 0.559020 | 0.535887 | 0.535594
seed2,CF18,counterfactual,224072051,style,high_to_low_style,"28.7° C, simple minimal look",211712071,261,1402,0,0,0,103622462,103622462 | 129374209 | 64747034 | 73999256 | 118572735,103622462 | 129374209 | 64747034 | 73999256 | 118572735 | 11179514 | 179841888 | 135681254 | 131071720 | 91214747,0.527121 | 0.487732 | 0.476961 | 0.473476 | 0.451812 | 0.451449 | 0.451330 | 0.451189 | 0.445011 | 0.443836
seed2,CF18,context_aware_live,224072051,style,high_to_low_style,"28.7° C, Effortless evening date look with statement heels and warm, sculptural earrings",211712071,261,751,0,0,0,88186608,88186608 | 209683246 | 200785600 | 157435595 | 159313391,88186608 | 209683246 | 200785600 | 157435595 | 159313391 | 93962935 | 64921344 | 205288241 | 64747034 | 198297085,0.622438 | 0.594235 | 0.591139 | 0.580238 | 0.562518 | 0.560832 | 0.560646 | 0.559020 | 0.535887 | 0.535595
seed2,CF19,context_aware,207497813,style,high_to_low_style,"24.8° C, Romantic Evening Look – Flowing Dress with Statement Necklace for a Warm, Elegant Night Out",183755478,4,74,0,0,0,187437264,187437264 | 197090565 | 146781680 | 195744792 | 184022783,187437264 | 197090565 | 146781680 | 195744792 | 184022783 | 187498673 | 196026500 | 203466268 | 215237393 | 189394775,0.737695 | 0.735065 | 0.715554 | 0.709390 | 0.704205 | 0.701102 | 0.684717 | 0.683555 | 0.678052 | 0.672148
seed2,CF19,counterfactual,207497813,style,high_to_low_style,"24.8° C, – Warm, Night Out, simple minimal look",183755478,4,321,0,0,0,188602478,188602478 | 190574356 | 184022783 | 189394775 | 202571906,188602478 | 190574356 | 184022783 | 189394775 | 202571906 | 196026500 | 118993952 | 183750892 | 193843184 | 191316160,0.690765 | 0.659995 | 0.638392 | 0.629989 | 0.629876 | 0.627309 | 0.611252 | 0.610766 | 0.607211 | 0.607180
seed2,CF19,context_aware_live,207497813,style,high_to_low_style,"24.8° C, Romantic Evening Look – Flowing Dress with Statement Necklace for a Warm, Elegant Night Out",183755478,4,74,0,0,0,187437264,187437264 | 197090565 | 146781680 | 195744792 | 184022783,187437264 | 197090565 | 146781680 | 195744792 | 184022783 | 187498673 | 196026500 | 203466268 | 215237393 | 189394775,0.737695 | 0.735065 | 0.715554 | 0.709390 | 0.704205 | 0.701102 | 0.684717 | 0.683555 | 0.678052 | 0.672148
seed2,CF20,context_aware,174085577,style,high_to_low_style,"25.2° C, Effortless Mini Golf Style with Lace Details",141588506,11,1403,0,0,0,171553488,171553488 | 145688926 | 17864191 | 181145084 | 67778514,171553488 | 145688926 | 17864191 | 181145084 | 67778514 | 132537404 | 148682588 | 172846524 | 171361332 | 168902360,0.682237 | 0.682192 | 0.654006 | 0.653678 | 0.652606 | 0.651122 | 0.647715 | 0.641165 | 0.635859 | 0.631887
seed2,CF20,counterfactual,174085577,style,high_to_low_style,"25.2° C, Mini Golf Style, simple minimal look",141588506,11,1445,0,0,0,160482111,160482111 | 145688926 | 134807522 | 67778514 | 199538595,160482111 | 145688926 | 134807522 | 67778514 | 199538595 | 148682588 | 17864191 | 151574313 | 101825619 | 181005413,0.687958 | 0.665610 | 0.659722 | 0.654936 | 0.645847 | 0.641047 | 0.632795 | 0.630065 | 0.628181 | 0.623275
seed2,CF20,context_aware_live,174085577,style,high_to_low_style,"25.2° C, Effortless Mini Golf Style with Lace Details",141588506,11,1403,0,0,0,171553488,171553488 | 145688926 | 17864191 | 181145084 | 67778514,171553488 | 145688926 | 17864191 | 181145084 | 67778514 | 132537404 | 148682588 | 172846524 | 171361332 | 168902360,0.682237 | 0.682192 | 0.654006 | 0.653678 | 0.652607 | 0.651122 | 0.647715 | 0.641165 | 0.635858 | 0.631887
seed2,CF21,context_aware,219326466,style,low_to_high_style,"22.9° C, Effortless Pink & Yellow Summer Chic",31523746,38,154,0,0,0,207930811,207930811 | 206437718 | 96235679 | 129585105 | 153672609,207930811 | 206437718 | 96235679 | 129585105 | 153672609 | 63922787 | 206236090 | 135874550 | 51837774 | 194541735,0.709598 | 0.683390 | 0.655023 | 0.644474 | 0.644398 | 0.643799 | 0.639473 | 0.637487 | 0.634354 | 0.630360
seed2,CF21,counterfactual,219326466,style,low_to_high_style,"22.9° C, polished layered elegant style with coordinated details",31523746,38,435,0,0,0,203526643,203526643 | 100749834 | 51837774 | 153672609 | 64217953,203526643 | 100749834 | 51837774 | 153672609 | 64217953 | 187386200 | 195117408 | 133973101 | 163016681 | 180059769,0.735452 | 0.697787 | 0.659622 | 0.655254 | 0.646308 | 0.645634 | 0.642268 | 0.641006 | 0.635590 | 0.635040
seed2,CF21,context_aware_live,219326466,style,low_to_high_style,"22.9° C, Effortless Pink & Yellow Summer Chic",31523746,38,154,0,0,0,207930811,207930811 | 206437718 | 96235679 | 129585105 | 153672609,207930811 | 206437718 | 96235679 | 129585105 | 153672609 | 63922787 | 206236090 | 135874550 | 51837774 | 194541735,0.709598 | 0.683390 | 0.655023 | 0.644474 | 0.644398 | 0.643799 | 0.639473 | 0.637487 | 0.634354 | 0.630360
seed2,CF22,context_aware,156067516,style,low_to_high_style,"24.3° C, Effortless Boho Vibes for a Warm Day Festival",81576657,62,84,0,0,0,145681649,145681649 | 192522899 | 78105624 | 193006708 | 151606693,145681649 | 192522899 | 78105624 | 193006708 | 151606693 | 124182314 | 169543207 | 99632635 | 180644383 | 203030893,0.704041 | 0.681169 | 0.672383 | 0.665634 | 0.647945 | 0.645025 | 0.643409 | 0.633103 | 0.632820 | 0.630129
seed2,CF22,counterfactual,156067516,style,low_to_high_style,"24.3° C, Warm Day Festival, polished layered elegant style with coordinated details",81576657,62,137,0,0,0,78105624,78105624 | 160324559 | 47074430 | 169543207 | 210957793,78105624 | 160324559 | 47074430 | 169543207 | 210957793 | 130944222 | 207832449 | 192522899 | 143787505 | 186814557,0.668493 | 0.661422 | 0.653668 | 0.645663 | 0.643449 | 0.637432 | 0.634493 | 0.630217 | 0.629392 | 0.628537
seed2,CF22,context_aware_live,156067516,style,low_to_high_style,"24.3° C, Effortless Boho Vibes for a Warm Day Festival",81576657,62,84,0,0,0,145681649,145681649 | 192522899 | 78105624 | 193006708 | 151606693,145681649 | 192522899 | 78105624 | 193006708 | 151606693 | 124182314 | 169543207 | 99632635 | 180644383 | 203030893,0.704041 | 0.681170 | 0.672383 | 0.665634 | 0.647945 | 0.645025 | 0.643409 | 0.633103 | 0.632821 | 0.630129
seed2,CF23,context_aware,74768367,style,low_to_high_style,"21.0° C, Edgy Rocker Chic with Chain Details",76155959,4,76,0,0,0,19861371,19861371 | 68390034 | 195895955 | 206507310 | 119654700,19861371 | 68390034 | 195895955 | 206507310 | 119654700 | 137001312 | 76519929 | 61690969 | 172852183 | 199896638,0.549377 | 0.546193 | 0.530327 | 0.513625 | 0.512230 | 0.511387 | 0.504141 | 0.500802 | 0.494978 | 0.478783
seed2,CF23,counterfactual,74768367,style,low_to_high_style,"21.0° C, polished layered elegant style with coordinated details",76155959,4,302,0,0,0,144067777,144067777 | 187098404 | 13587305 | 70747512 | 95165767,144067777 | 187098404 | 13587305 | 70747512 | 95165767 | 194427162 | 143852845 | 154249041 | 150585440 | 105119762,0.637201 | 0.586655 | 0.570924 | 0.562811 | 0.557181 | 0.557055 | 0.553999 | 0.553293 | 0.543892 | 0.541343
seed2,CF23,context_aware_live,74768367,style,low_to_high_style,"21.0° C, Edgy Rocker Chic with Chain Details",76155959,4,76,0,0,0,19861371,19861371 | 68390034 | 195895955 | 206507310 | 119654700,19861371 | 68390034 | 195895955 | 206507310 | 119654700 | 137001312 | 76519929 | 61690969 | 172852183 | 199896638,0.549377 | 0.546193 | 0.530327 | 0.513625 | 0.512230 | 0.511387 | 0.504141 | 0.500802 | 0.494978 | 0.478783
seed2,CF24,context_aware,221499036,style,low_to_high_style,"20.5° C, Effortless Cool-Girl Vibes with a Touch of Attitude",201513876,25,2041,0,0,0,183742438,183742438 | 183365254 | 196706761 | 202548266 | 194090121,183742438 | 183365254 | 196706761 | 202548266 | 194090121 | 126231273 | 185354113 | 190353658 | 197368742 | 192945609,0.769418 | 0.751904 | 0.742626 | 0.716509 | 0.712667 | 0.710852 | 0.709344 | 0.706131 | 0.698447 | 0.684913
seed2,CF24,counterfactual,221499036,style,low_to_high_style,"20.5° C, polished layered elegant style with coordinated details",201513876,25,2533,0,0,0,188782504,188782504 | 197368742 | 193113147 | 194215213 | 202014207,188782504 | 197368742 | 193113147 | 194215213 | 202014207 | 183365254 | 126231273 | 185354113 | 200204742 | 195525183,0.738465 | 0.723884 | 0.690901 | 0.676088 | 0.645260 | 0.639834 | 0.631824 | 0.625954 | 0.625559 | 0.623752
seed2,CF24,context_aware_live,221499036,style,low_to_high_style,"20.5° C, Effortless Cool-Girl Vibes with a Touch of Attitude",201513876,25,2041,0,0,0,183742438,183742438 | 183365254 | 196706761 | 202548266 | 194090121,183742438 | 183365254 | 196706761 | 202548266 | 194090121 | 126231273 | 185354113 | 190353658 | 197368742 | 192945609,0.769418 | 0.751904 | 0.742625 | 0.716509 | 0.712667 | 0.710852 | 0.709344 | 0.706131 | 0.698447 | 0.684913
