weather_bin,n,left_hit10,right_hit10,left_rank,right_rank,delta_hit10,delta_rank,case_type,occasion_label
hot,95,0.05263157894736842,0.06315789473684211,247.0,141.0,0.01052631578947369,-106.0,orig_to_full_weather,
warm,10540,0.06555977229601519,0.07590132827324478,246.0,205.0,0.010341555977229591,-41.0,orig_to_full_weather,
cold,1380,0.08550724637681159,0.09420289855072464,277.0,250.5,0.008695652173913049,-26.5,orig_to_full_weather,
mild,5145,0.07055393586005831,0.07871720116618076,276.0,236.0,0.00816326530612245,-40.0,orig_to_full_weather,
,285,0.05263157894736842,0.07017543859649122,212.0,185.0,0.017543859649122806,-27.0,orig_to_full_occasion,outdoor
,975,0.07076923076923076,0.0882051282051282,208.0,194.0,0.017435897435897435,-14.0,orig_to_full_occasion,formal
,765,0.05228758169934641,0.06928104575163399,301.0,276.0,0.016993464052287584,-25.0,orig_to_full_occasion,office
,2060,0.07572815533980583,0.09077669902912622,209.5,179.0,0.01504854368932039,-30.5,orig_to_full_occasion,party
,1760,0.06818181818181818,0.07897727272727273,289.0,206.0,0.010795454545454553,-83.0,orig_to_full_occasion,casual
,10000,0.065,0.0721,273.0,235.0,0.007099999999999995,-38.0,orig_to_full_occasion,unknown
,1135,0.0907488986784141,0.09779735682819383,190.0,172.0,0.007048458149779738,-18.0,orig_to_full_occasion,date
,180,0.13333333333333333,0.13333333333333333,242.0,198.0,0.0,-44.0,orig_to_full_occasion,school
hot,95,0.031578947368421054,0.06315789473684211,183.0,141.0,0.031578947368421054,-42.0,weather_factor,
mild,5145,0.07366375121477162,0.07871720116618076,240.0,236.0,0.0050534499514091474,-4.0,weather_factor,
cold,1380,0.09202898550724638,0.09420289855072464,253.5,250.5,0.002173913043478262,-3.0,weather_factor,
warm,10540,0.075426944971537,0.07590132827324478,214.0,205.0,0.00047438330170777865,-9.0,weather_factor,
,285,0.04912280701754386,0.07017543859649122,204.0,185.0,0.021052631578947364,-19.0,occasion_factor,outdoor
,180,0.12222222222222222,0.13333333333333333,217.0,198.0,0.011111111111111113,-19.0,occasion_factor,school
,975,0.08615384615384615,0.0882051282051282,208.0,194.0,0.0020512820512820495,-14.0,occasion_factor,formal
,10000,0.0701,0.0721,235.0,235.0,0.0020000000000000018,0.0,occasion_factor,unknown
,1135,0.0986784140969163,0.09779735682819383,166.0,172.0,-0.0008810572687224655,6.0,occasion_factor,date
,1760,0.08068181818181819,0.07897727272727273,210.0,206.0,-0.0017045454545454586,-4.0,occasion_factor,casual
,2060,0.09466019417475728,0.09077669902912622,191.5,179.0,-0.0038834951456310635,-12.5,occasion_factor,party
,765,0.07581699346405228,0.06928104575163399,271.0,276.0,-0.006535947712418291,5.0,occasion_factor,office
hot,95,0.042105263157894736,0.06315789473684211,227.0,141.0,0.02105263157894737,-86.0,style_factor_weather,
cold,1380,0.07536231884057971,0.09420289855072464,287.5,250.5,0.018840579710144925,-37.0,style_factor_weather,
warm,10540,0.06499051233396584,0.07590132827324478,237.0,205.0,0.010910815939278937,-32.0,style_factor_weather,
mild,5145,0.06977648202137998,0.07871720116618076,265.0,236.0,0.008940719144800782,-29.0,style_factor_weather,
,2060,0.07135922330097087,0.09077669902912622,203.0,179.0,0.019417475728155345,-24.0,style_factor_occasion,party
,1135,0.07929515418502203,0.09779735682819383,180.0,172.0,0.018502202643171803,-8.0,style_factor_occasion,date
,975,0.07076923076923076,0.0882051282051282,218.0,194.0,0.017435897435897435,-24.0,style_factor_occasion,formal
,180,0.11666666666666667,0.13333333333333333,239.5,198.0,0.016666666666666663,-41.5,style_factor_occasion,school
,1760,0.06875,0.07897727272727273,268.0,206.0,0.010227272727272724,-62.0,style_factor_occasion,casual
,765,0.06013071895424837,0.06928104575163399,302.0,276.0,0.009150326797385623,-26.0,style_factor_occasion,office
,10000,0.0634,0.0721,264.0,235.0,0.0087,-29.0,style_factor_occasion,unknown
,285,0.08421052631578947,0.07017543859649122,221.0,185.0,-0.014035087719298248,-36.0,style_factor_occasion,outdoor
