query_key,seed,set_id,target_item_id,target_item_fg,rank_orig,hit@10_orig,top10_ids_orig,top10_ids_list_orig,rank_full,hit@10_full,top10_ids_full,top10_ids_list_full,title_full_text,title_no_weather_text,title_no_occasion_text,title_no_style_text,temp_c,weather_bin,occasion_label,rank_gain,comparison,case_type,rank_no_weather,hit@10_no_weather,top10_ids_no_weather,top10_ids_list_no_weather,rank_no_occasion,hit@10_no_occasion,top10_ids_no_occasion,top10_ids_list_no_occasion,rank_no_style,hit@10_no_style,top10_ids_no_style,top10_ids_list_no_style
4||179696580||145696871,4,179696580,145696871,37,1340.0,0.0,"[""126554078"", ""114167582"", ""171828064"", ""183978577"", ""194553077"", ""182254392"", ""190113798"", ""158117230"", ""147751334"", ""121116115""]","['126554078', '114167582', '171828064', '183978577', '194553077', '182254392', '190113798', '158117230', '147751334', '121116115']",8,1,"[""78200756"", ""33534621"", ""191060958"", ""144080332"", ""146996413"", ""105274553"", ""153538224"", ""145696871"", ""100819191"", ""204633870""]","['78200756', '33534621', '191060958', '144080332', '146996413', '105274553', '153538224', '145696871', '100819191', '204633870']","19.7° C, Boho-Chic Festival Vibes with Fringed Details",,,,19.7,mild,unknown,1332,Original -> Proposed,orig_to_full,,,,,,,,,,,,
3||218597493||199853407,3,218597493,199853407,46,892.0,0.0,"[""210501905"", ""133738518"", ""183321047"", ""74167812"", ""102645480"", ""205395738"", ""206419210"", ""201925196"", ""209140494"", ""206587012""]","['210501905', '133738518', '183321047', '74167812', '102645480', '205395738', '206419210', '201925196', '209140494', '206587012']",8,1,"[""145076910"", ""114169237"", ""209627651"", ""80368166"", ""103827387"", ""167967690"", ""36274453"", ""199853407"", ""211154268"", ""44202832""]","['145076910', '114169237', '209627651', '80368166', '103827387', '167967690', '36274453', '199853407', '211154268', '44202832']","22.9° C, Effortless summer chic with a touch of bohemian flair – perfect for warm days and relaxed adventures.",,,,22.9,warm,casual,884,Original -> Proposed,orig_to_full,,,,,,,,,,,,
2||220528235||207323221,2,220528235,207323221,46,750.0,0.0,"[""163363958"", ""173365679"", ""78390422"", ""173138479"", ""106926227"", ""141781507"", ""209764015"", ""181732273"", ""191974228"", ""210468796""]","['163363958', '173365679', '78390422', '173138479', '106926227', '141781507', '209764015', '181732273', '191974228', '210468796']",1,1,"[""207323221"", ""205185819"", ""102985347"", ""212469100"", ""168874136"", ""171164335"", ""205037941"", ""103702743"", ""205545277"", ""162647828""]","['207323221', '205185819', '102985347', '212469100', '168874136', '171164335', '205037941', '103702743', '205545277', '162647828']","23.2° C, Effortless summer style with a playful, breezy vibe – perfect for warm days and a touch of bohemian charm.",,,,23.2,warm,unknown,749,Original -> Proposed,orig_to_full,,,,,,,,,,,,
4||30160190||12185913,4,30160190,12185913,37,691.0,0.0,"[""92247640"", ""51138626"", ""131943838"", ""65584321"", ""180764368"", ""152508279"", ""206382148"", ""107202977"", ""197580749"", ""43972733""]","['92247640', '51138626', '131943838', '65584321', '180764368', '152508279', '206382148', '107202977', '197580749', '43972733']",6,1,"[""169510905"", ""148896266"", ""98524176"", ""148800689"", ""99469380"", ""12185913"", ""164454930"", ""173621712"", ""154732137"", ""169228866""]","['169510905', '148896266', '98524176', '148800689', '99469380', '12185913', '164454930', '173621712', '154732137', '169228866']","23.9° C, Velvet Evening Commute Style",,,,23.9,warm,office,685,Original -> Proposed,orig_to_full,,,,,,,,,,,,
4||148636912||122818220,4,148636912,122818220,43,636.0,0.0,"[""188468452"", ""38841821"", ""159816013"", ""50216046"", ""212847147"", ""189516243"", ""114763824"", ""102607958"", ""75839769"", ""125860815""]","['188468452', '38841821', '159816013', '50216046', '212847147', '189516243', '114763824', '102607958', '75839769', '125860815']",1,1,"[""122818220"", ""161006735"", ""93370908"", ""188690647"", ""89602786"", ""164173391"", ""141872568"", ""151954619"", ""188378226"", ""189516243""]","['122818220', '161006735', '93370908', '188690647', '89602786', '164173391', '141872568', '151954619', '188378226', '189516243']","25.1° C, Effortless evening elegance with a rich burgundy hue and a touch of classic sophistication.",,,,25.1,warm,school,635,Original -> Proposed,orig_to_full,,,,,,,,,,,,
4||221454647||204823121,4,221454647,204823121,46,613.0,0.0,"[""116838538"", ""173634775"", ""213296616"", ""203577878"", ""205019069"", ""203915067"", ""204540006"", ""133738518"", ""204759997"", ""77518021""]","['116838538', '173634775', '213296616', '203577878', '205019069', '203915067', '204540006', '133738518', '204759997', '77518021']",10,1,"[""153459843"", ""202822668"", ""144865911"", ""213130291"", ""201015003"", ""214729100"", ""210734819"", ""204100293"", ""208712486"", ""204823121""]","['153459843', '202822668', '144865911', '213130291', '201015003', '214729100', '210734819', '204100293', '208712486', '204823121']","19.8° C, Romantic Rose Evening Look with Flowing Dress and Delicate Jewelry",,,,19.8,mild,date,603,Original -> Proposed,orig_to_full,,,,,,,,,,,,
2||164253476||137017957,2,164253476,137017957,43,579.0,0.0,"[""62486624"", ""40402254"", ""57556019"", ""84756708"", ""41756235"", ""103483023"", ""125480188"", ""35616285"", ""197867680"", ""47510984""]","['62486624', '40402254', '57556019', '84756708', '41756235', '103483023', '125480188', '35616285', '197867680', '47510984']",7,1,"[""84756708"", ""76155107"", ""130964474"", ""41756235"", ""144744853"", ""162770121"", ""137017957"", ""136108747"", ""40402254"", ""154237024""]","['84756708', '76155107', '130964474', '41756235', '144744853', '162770121', '137017957', '136108747', '40402254', '154237024']","27.4° C, Effortless NBA Finals style – cool and chic for a warm-weather game day.",,,,27.4,warm,unknown,572,Original -> Proposed,orig_to_full,,,,,,,,,,,,
4||221960992||199718807,4,221960992,199718807,46,548.0,0.0,"[""52439531"", ""192440420"", ""93317617"", ""162330233"", ""209140494"", ""194301324"", ""167925157"", ""201966464"", ""204633518"", ""78885056""]","['52439531', '192440420', '93317617', '162330233', '209140494', '194301324', '167925157', '201966464', '204633518', '78885056']",1,1,"[""199718807"", ""136819405"", ""172080468"", ""202480156"", ""205007406"", ""214030585"", ""203523969"", ""161442585"", ""204540006"", ""211871274""]","['199718807', '136819405', '172080468', '202480156', '205007406', '214030585', '203523969', '161442585', '204540006', '211871274']","-18.4° C, Tropical Escape: Floral Prints & Ruffles for a Cool, Bold Look",,,,-18.4,cold,unknown,547,Original -> Proposed,orig_to_full,,,,,,,,,,,,
1||94771580||90931027,1,94771580,90931027,4,541.0,0.0,"[""204202021"", ""165023261"", ""198808044"", ""205390513"", ""214304902"", ""169992252"", ""166106900"", ""184199440"", ""9924656"", ""36678759""]","['204202021', '165023261', '198808044', '205390513', '214304902', '169992252', '166106900', '184199440', '9924656', '36678759']",7,1,"[""18519591"", ""211601333"", ""195751201"", ""169992252"", ""214304902"", ""27693819"", ""90931027"", ""207725707"", ""198808044"", ""207097737""]","['18519591', '211601333', '195751201', '169992252', '214304902', '27693819', '90931027', '207725707', '198808044', '207097737']","23.6° C, Effortless Red Romance for Salsa Nights",,,,23.6,warm,unknown,534,Original -> Proposed,orig_to_full,,,,,,,,,,,,
3||194817964||167658682,3,194817964,167658682,4,513.0,0.0,"[""207099729"", ""202888371"", ""203829299"", ""203339357"", ""207099526"", ""191307999"", ""100655375"", ""206172053"", ""204940248"", ""207791923""]","['207099729', '202888371', '203829299', '203339357', '207099526', '191307999', '100655375', '206172053', '204940248', '207791923']",3,1,"[""207099526"", ""195490349"", ""167658682"", ""173008557"", ""171159402"", ""201065368"", ""162346539"", ""155908916"", ""78396407"", ""195526680""]","['207099526', '195490349', '167658682', '173008557', '171159402', '201065368', '162346539', '155908916', '78396407', '195526680']","22.3° C, Retro Picnic Chic – A playful red and white gingham dress with heels and sunglasses for a warm-weather celebration.",,,,22.3,warm,outdoor,510,Original -> Proposed,orig_to_full,,,,,,,,,,,,
2||205419462||160127507,2,205419462,160127507,37,453.0,0.0,"[""191060958"", ""143825144"", ""118291817"", ""173034966"", ""100015328"", ""168870168"", ""103731169"", ""165494549"", ""29496516"", ""51981897""]","['191060958', '143825144', '118291817', '173034966', '100015328', '168870168', '103731169', '165494549', '29496516', '51981897']",10,1,"[""16898206"", ""143865659"", ""121206303"", ""51749408"", ""122748929"", ""104986974"", ""165767706"", ""188918346"", ""193646222"", ""160127507""]","['16898206', '143865659', '121206303', '51749408', '122748929', '104986974', '165767706', '188918346', '193646222', '160127507']","10.0° C, edgy concert chic with a dark, dramatic vibe and a touch of grunge.",,,,10.0,cold,unknown,443,Original -> Proposed,orig_to_full,,,,,,,,,,,,
3||205922590||191564735,3,205922590,191564735,4,441.0,0.0,"[""151428878"", ""84839916"", ""193951937"", ""201861112"", ""76519929"", ""199896638"", ""136384117"", ""93370354"", ""199478511"", ""19861371""]","['151428878', '84839916', '193951937', '201861112', '76519929', '199896638', '136384117', '93370354', '199478511', '19861371']",5,1,"[""174865960"", ""157346101"", ""185967985"", ""77929117"", ""191564735"", ""162721825"", ""171876720"", ""192906971"", ""191632128"", ""191300394""]","['174865960', '157346101', '185967985', '77929117', '191564735', '162721825', '171876720', '192906971', '191632128', '191300394']","24.5° C, Bold clogs and a vibrant summer dress for a playful afternoon out",,,,24.5,warm,unknown,436,Original -> Proposed,orig_to_full,,,,,,,,,,,,
1||223264855||210449055,1,223264855,210449055,46,,,,,3,1,"[""202371479"", ""211441313"", ""210449055"", ""207931525"", ""208021339"", ""134313611"", ""205037941"", ""170458031"", ""172512012"", ""84381800""]","['202371479', '211441313', '210449055', '207931525', '208021339', '134313611', '205037941', '170458031', '172512012', '84381800']","16.4° C, Retro-Chic Rainy Day Vibes with a Pop of Color",,,,16.4,mild,unknown,96,No-weather -> Proposed,weather,99.0,0.0,"[""202371479"", ""194136520"", ""84381800"", ""212809187"", ""206120139"", ""53654857"", ""212848933"", ""202371466"", ""142410249"", ""194138608""]","['202371479', '194136520', '84381800', '212809187', '206120139', '53654857', '212848933', '202371466', '142410249', '194138608']",,,,,,,,
5||222353403||210780225,5,222353403,210780225,46,,,,,8,1,"[""212384469"", ""195996779"", ""144667678"", ""158778091"", ""142436010"", ""47270149"", ""171907300"", ""210780225"", ""173668368"", ""202085297""]","['212384469', '195996779', '144667678', '158778091', '142436010', '47270149', '171907300', '210780225', '173668368', '202085297']","22.3° C, Dreamy Tie-Dye Sunset Vibes for a Warm Evening Out",,,,22.3,warm,unknown,74,No-weather -> Proposed,weather,82.0,0.0,"[""142436010"", ""205395255"", ""173865782"", ""133461188"", ""136320022"", ""209924661"", ""107277769"", ""144667678"", ""212384469"", ""211118858""]","['142436010', '205395255', '173865782', '133461188', '136320022', '209924661', '107277769', '144667678', '212384469', '211118858']",,,,,,,,
1||162232999||136320022,1,162232999,136320022,46,,,,,10,1,"[""109632736"", ""109531052"", ""210308295"", ""210232040"", ""121995083"", ""203173810"", ""138326639"", ""203281173"", ""207365064"", ""136320022""]","['109632736', '109531052', '210308295', '210232040', '121995083', '203173810', '138326639', '203281173', '207365064', '136320022']","23.6° C, Tropical Destination Wedding Vibes – Breezy, Colorful, and Ready for Sunshine",,,,23.6,warm,formal,55,No-weather -> Proposed,weather,65.0,0.0,"[""109632736"", ""210308295"", ""121995083"", ""203281173"", ""204939549"", ""203173810"", ""138326639"", ""158729697"", ""79988383"", ""204039714""]","['109632736', '210308295', '121995083', '203281173', '204939549', '203173810', '138326639', '158729697', '79988383', '204039714']",,,,,,,,
1||139698862||117866061,1,139698862,117866061,37,,,,,9,1,"[""201003118"", ""159129159"", ""200164411"", ""107202977"", ""155883238"", ""194860062"", ""154732137"", ""195462928"", ""117866061"", ""133924998""]","['201003118', '159129159', '200164411', '107202977', '155883238', '194860062', '154732137', '195462928', '117866061', '133924998']","18.1° C, Effortless evening jumpsuit for a chic, cool-weather look",,,,18.1,mild,unknown,44,No-weather -> Proposed,weather,53.0,0.0,"[""159129159"", ""195462928"", ""200164411"", ""204992307"", ""201003118"", ""155883238"", ""194860062"", ""122241592"", ""92919228"", ""154732137""]","['159129159', '195462928', '200164411', '204992307', '201003118', '155883238', '194860062', '122241592', '92919228', '154732137']",,,,,,,,
3||218597493||199853407,3,218597493,199853407,46,,,,,8,1,"[""145076910"", ""114169237"", ""209627651"", ""80368166"", ""103827387"", ""167967690"", ""36274453"", ""199853407"", ""211154268"", ""44202832""]","['145076910', '114169237', '209627651', '80368166', '103827387', '167967690', '36274453', '199853407', '211154268', '44202832']","22.9° C, Effortless summer chic with a touch of bohemian flair – perfect for warm days and relaxed adventures.",,,,22.9,warm,casual,41,No-weather -> Proposed,weather,49.0,0.0,"[""145076910"", ""36274453"", ""167967690"", ""118565908"", ""172035206"", ""114169237"", ""209627651"", ""164400164"", ""53889109"", ""183321047""]","['145076910', '36274453', '167967690', '118565908', '172035206', '114169237', '209627651', '164400164', '53889109', '183321047']",,,,,,,,
2||223811539||213229652,2,223811539,213229652,4,,,,,7,1,"[""210309601"", ""198087841"", ""215675334"", ""212482379"", ""214582809"", ""212013306"", ""213229652"", ""173717084"", ""208055757"", ""198962743""]","['210309601', '198087841', '215675334', '212482379', '214582809', '212013306', '213229652', '173717084', '208055757', '198962743']","18.5° C, breezy tropical maxi dresses for warm-weather evenings",,,,18.5,mild,unknown,40,No-weather -> Proposed,weather,47.0,0.0,"[""180074203"", ""199021905"", ""158986768"", ""211389849"", ""213307240"", ""185851022"", ""168099979"", ""213568542"", ""212086988"", ""215675334""]","['180074203', '199021905', '158986768', '211389849', '213307240', '185851022', '168099979', '213568542', '212086988', '215675334']",,,,,,,,
4||224706887||213532039,4,224706887,213532039,4,,,,,8,1,"[""199478511"", ""165742976"", ""181068928"", ""103984598"", ""202001381"", ""133868832"", ""210303017"", ""213532039"", ""203618170"", ""207064909""]","['199478511', '165742976', '181068928', '103984598', '202001381', '133868832', '210303017', '213532039', '203618170', '207064909']","22.6° C, breezy summer vacation style with a touch of bohemian flair",,,,22.6,warm,outdoor,38,No-weather -> Proposed,weather,46.0,0.0,"[""103984598"", ""181068928"", ""203618170"", ""199478511"", ""165742976"", ""129430743"", ""202001381"", ""194758869"", ""47487946"", ""135190327""]","['103984598', '181068928', '203618170', '199478511', '165742976', '129430743', '202001381', '194758869', '47487946', '135190327']",,,,,,,,
4||221652856||207844498,4,221652856,207844498,38,,,,,10,1,"[""142929788"", ""199056148"", ""167154256"", ""165587581"", ""152299073"", ""80720161"", ""176559079"", ""153376624"", ""166703688"", ""207844498""]","['142929788', '199056148', '167154256', '165587581', '152299073', '80720161', '176559079', '153376624', '166703688', '207844498']","21.7° C, Effortless Coral Romance – A breezy, warm-weather look for a sophisticated evening out.",,,,21.7,mild,unknown,36,No-weather -> Proposed,weather,46.0,0.0,"[""142929788"", ""199056148"", ""167154256"", ""143177511"", ""177776793"", ""176559079"", ""60707501"", ""115258171"", ""80720161"", ""172844872""]","['142929788', '199056148', '167154256', '143177511', '177776793', '176559079', '60707501', '115258171', '80720161', '172844872']",,,,,,,,
2||216088799||144351805,2,216088799,144351805,37,,,,,10,1,"[""201295768"", ""190741356"", ""183423428"", ""159726047"", ""185236300"", ""211954189"", ""183578088"", ""160376991"", ""187443642"", ""144351805""]","['201295768', '190741356', '183423428', '159726047', '185236300', '211954189', '183578088', '160376991', '187443642', '144351805']","22.8° C, Effortless Crinkle Dresses for a Warm-Weather Afternoon",,,,22.8,warm,unknown,34,No-weather -> Proposed,weather,44.0,0.0,"[""211954189"", ""201295768"", ""191232165"", ""190741356"", ""183578088"", ""162230699"", ""191630630"", ""187443642"", ""194373425"", ""153213330""]","['211954189', '201295768', '191232165', '190741356', '183578088', '162230699', '191630630', '187443642', '194373425', '153213330']",,,,,,,,
4||218502916||202570543,4,218502916,202570543,4,,,,,7,1,"[""131936243"", ""195480266"", ""166325083"", ""149460710"", ""167937435"", ""187819788"", ""202570543"", ""207985124"", ""132213065"", ""212792058""]","['131936243', '195480266', '166325083', '149460710', '167937435', '187819788', '202570543', '207985124', '132213065', '212792058']","23.2° C, Effortless Spring Day Ensemble with Floral Details",,,,23.2,warm,unknown,33,No-weather -> Proposed,weather,40.0,0.0,"[""131936243"", ""195480266"", ""207985124"", ""166325083"", ""167937435"", ""149460710"", ""211122329"", ""181079699"", ""187819788"", ""110540565""]","['131936243', '195480266', '207985124', '166325083', '167937435', '149460710', '211122329', '181079699', '187819788', '110540565']",,,,,,,,
5||207326571||183542149,5,207326571,183542149,4,,,,,9,1,"[""194722275"", ""146764647"", ""192877167"", ""133949607"", ""215485045"", ""201432635"", ""177402240"", ""198615413"", ""183542149"", ""185851022""]","['194722275', '146764647', '192877167', '133949607', '215485045', '201432635', '177402240', '198615413', '183542149', '185851022']","23.1° C, Effortless Green & Gray Evening Look with Fringe Details",,,,23.1,warm,unknown,33,No-weather -> Proposed,weather,42.0,0.0,"[""146764647"", ""192877167"", ""194722275"", ""133949607"", ""193843184"", ""185107867"", ""196862937"", ""182294617"", ""202142069"", ""201090511""]","['146764647', '192877167', '194722275', '133949607', '193843184', '185107867', '196862937', '182294617', '202142069', '201090511']",,,,,,,,
5||210415489||183542149,5,210415489,183542149,4,,,,,9,1,"[""194722275"", ""146764647"", ""192877167"", ""133949607"", ""215485045"", ""201432635"", ""177402240"", ""198615413"", ""183542149"", ""185851022""]","['194722275', '146764647', '192877167', '133949607', '215485045', '201432635', '177402240', '198615413', '183542149', '185851022']","23.1° C, Effortless Green & Gray Evening Look with Fringe Details",,,,23.1,warm,unknown,33,No-weather -> Proposed,weather,42.0,0.0,"[""146764647"", ""192877167"", ""194722275"", ""133949607"", ""193843184"", ""185107867"", ""196862937"", ""182294617"", ""202142069"", ""201090511""]","['146764647', '192877167', '194722275', '133949607', '193843184', '185107867', '196862937', '182294617', '202142069', '201090511']",,,,,,,,
1||94771580||90931027,1,94771580,90931027,4,,,,,7,1,"[""18519591"", ""211601333"", ""195751201"", ""169992252"", ""214304902"", ""27693819"", ""90931027"", ""207725707"", ""198808044"", ""207097737""]","['18519591', '211601333', '195751201', '169992252', '214304902', '27693819', '90931027', '207725707', '198808044', '207097737']","23.6° C, Effortless Red Romance for Salsa Nights",,,,23.6,warm,unknown,87,No-occasion -> Proposed,occasion,,,,,94.0,0.0,"[""198808044"", ""185362507"", ""163772112"", ""9924656"", ""211601333"", ""18519591"", ""183465667"", ""161717398"", ""204940248"", ""45403148""]","['198808044', '185362507', '163772112', '9924656', '211601333', '18519591', '183465667', '161717398', '204940248', '45403148']",,,,
5||222353403||210780225,5,222353403,210780225,46,,,,,8,1,"[""212384469"", ""195996779"", ""144667678"", ""158778091"", ""142436010"", ""47270149"", ""171907300"", ""210780225"", ""173668368"", ""202085297""]","['212384469', '195996779', '144667678', '158778091', '142436010', '47270149', '171907300', '210780225', '173668368', '202085297']","22.3° C, Dreamy Tie-Dye Sunset Vibes for a Warm Evening Out",,,,22.3,warm,unknown,85,No-occasion -> Proposed,occasion,,,,,93.0,0.0,"[""142436010"", ""205395255"", ""209924661"", ""107277769"", ""211118858"", ""214169191"", ""173865782"", ""170374096"", ""164627162"", ""136320022""]","['142436010', '205395255', '209924661', '107277769', '211118858', '214169191', '173865782', '170374096', '164627162', '136320022']",,,,
3||218597493||199853407,3,218597493,199853407,46,,,,,8,1,"[""145076910"", ""114169237"", ""209627651"", ""80368166"", ""103827387"", ""167967690"", ""36274453"", ""199853407"", ""211154268"", ""44202832""]","['145076910', '114169237', '209627651', '80368166', '103827387', '167967690', '36274453', '199853407', '211154268', '44202832']","22.9° C, Effortless summer chic with a touch of bohemian flair – perfect for warm days and relaxed adventures.",,,,22.9,warm,casual,69,No-occasion -> Proposed,occasion,,,,,77.0,0.0,"[""167967690"", ""193643502"", ""183321047"", ""145076910"", ""206933046"", ""135668891"", ""36274453"", ""208062801"", ""133738518"", ""53889109""]","['167967690', '193643502', '183321047', '145076910', '206933046', '135668891', '36274453', '208062801', '133738518', '53889109']",,,,
5||40555318||42368928,5,40555318,42368928,4,,,,,2,1,"[""152685161"", ""42368928"", ""137934343"", ""173965616"", ""154267881"", ""146961197"", ""179962753"", ""88119764"", ""65093674"", ""143701762""]","['152685161', '42368928', '137934343', '173965616', '154267881', '146961197', '179962753', '88119764', '65093674', '143701762']","23.2° C, Chic Evening Vibes for a Stylish Chicago Weekend",,,,23.2,warm,casual,45,No-occasion -> Proposed,occasion,,,,,47.0,0.0,"[""152685161"", ""179962753"", ""189202376"", ""209670193"", ""137934343"", ""119654700"", ""67564757"", ""154267881"", ""93467050"", ""88119764""]","['152685161', '179962753', '189202376', '209670193', '137934343', '119654700', '67564757', '154267881', '93467050', '88119764']",,,,
4||201593798||161790106,4,201593798,161790106,43,,,,,10,1,"[""200220026"", ""166706405"", ""207656544"", ""210744893"", ""166708862"", ""194941770"", ""166301530"", ""172004209"", ""130951250"", ""161790106""]","['200220026', '166706405', '207656544', '210744893', '166708862', '194941770', '166301530', '172004209', '130951250', '161790106']","22.8° C, Romantic Bird Print Garden Party Look",,,,22.8,warm,date,39,No-occasion -> Proposed,occasion,,,,,49.0,0.0,"[""130951250"", ""210744893"", ""172004209"", ""188561727"", ""5568612"", ""200905407"", ""201971973"", ""207792788"", ""194941770"", ""207656544""]","['130951250', '210744893', '172004209', '188561727', '5568612', '200905407', '201971973', '207792788', '194941770', '207656544']",,,,
2||224188768||209144226,2,224188768,209144226,4,,,,,7,1,"[""207100046"", ""196120491"", ""180856744"", ""191564735"", ""206288267"", ""186229725"", ""209144226"", ""141715949"", ""210497898"", ""136928342""]","['207100046', '196120491', '180856744', '191564735', '206288267', '186229725', '209144226', '141715949', '210497898', '136928342']","26.2° C, Effortless Summer Wedding Style with a Pop of Citrus",,,,26.2,warm,formal,38,No-occasion -> Proposed,occasion,,,,,45.0,0.0,"[""191564735"", ""206288267"", ""49499187"", ""203033142"", ""207100046"", ""213981943"", ""172884595"", ""196120491"", ""159400456"", ""165588930""]","['191564735', '206288267', '49499187', '203033142', '207100046', '213981943', '172884595', '196120491', '159400456', '165588930']",,,,
3||215503911||187812442,3,215503911,187812442,37,,,,,10,1,"[""200025016"", ""201252808"", ""147143113"", ""121841349"", ""121116115"", ""152762226"", ""180666332"", ""149017929"", ""152140191"", ""187812442""]","['200025016', '201252808', '147143113', '121841349', '121116115', '152762226', '180666332', '149017929', '152140191', '187812442']","19.7° C, Evening Glam with Platform Boots and a Statement Sweater",,,,19.7,mild,unknown,37,No-occasion -> Proposed,occasion,,,,,47.0,0.0,"[""200025016"", ""201252808"", ""147143113"", ""175146389"", ""152762226"", ""152140191"", ""138291906"", ""93714502"", ""152508279"", ""151941209""]","['200025016', '201252808', '147143113', '175146389', '152762226', '152140191', '138291906', '93714502', '152508279', '151941209']",,,,
5||30572447||32643267,5,30572447,32643267,4,,,,,9,1,"[""184954811"", ""60014263"", ""155621693"", ""210169790"", ""75386523"", ""64185045"", ""209174509"", ""204826660"", ""32643267"", ""167643231""]","['184954811', '60014263', '155621693', '210169790', '75386523', '64185045', '209174509', '204826660', '32643267', '167643231']","26.8° C, edgy festival vibes with combat boots and a denim vest",,,,26.8,warm,unknown,36,No-occasion -> Proposed,occasion,,,,,45.0,0.0,"[""184954811"", ""204826660"", ""201582207"", ""60014263"", ""210169790"", ""75386523"", ""167643231"", ""155621693"", ""64185045"", ""202362364""]","['184954811', '204826660', '201582207', '60014263', '210169790', '75386523', '167643231', '155621693', '64185045', '202362364']",,,,
1||172611375||138324707,1,172611375,138324707,4,,,,,10,1,"[""207322592"", ""154636066"", ""190340453"", ""144683728"", ""189148609"", ""195502889"", ""159570716"", ""154203183"", ""200110527"", ""138324707""]","['207322592', '154636066', '190340453', '144683728', '189148609', '195502889', '159570716', '154203183', '200110527', '138324707']","25.5° C, Effortless Chic for a Reunion – Black & Gingham Glam",,,,25.5,warm,unknown,36,No-occasion -> Proposed,occasion,,,,,46.0,0.0,"[""207322592"", ""154636066"", ""183642706"", ""144683728"", ""74587934"", ""195502889"", ""201066421"", ""200110527"", ""193858344"", ""189148609""]","['207322592', '154636066', '183642706', '144683728', '74587934', '195502889', '201066421', '200110527', '193858344', '189148609']",,,,
2||218211133||113542136,2,218211133,113542136,62,,,,,10,1,"[""22547515"", ""113659126"", ""61854824"", ""172904337"", ""120966589"", ""165940681"", ""64334636"", ""140687112"", ""137777502"", ""113542136""]","['22547515', '113659126', '61854824', '172904337', '120966589', '165940681', '64334636', '140687112', '137777502', '113542136']","24.1° C, Edgy Urban Explorer with Distressed Denim",,,,24.1,warm,unknown,36,No-occasion -> Proposed,occasion,,,,,46.0,0.0,"[""22547515"", ""61854824"", ""81077749"", ""113659126"", ""178706930"", ""1975349"", ""198734216"", ""172904337"", ""14027620"", ""209151724""]","['22547515', '61854824', '81077749', '113659126', '178706930', '1975349', '198734216', '172904337', '14027620', '209151724']",,,,
3||223264855||210449055,3,223264855,210449055,46,,,,,10,1,"[""202371479"", ""134313611"", ""186724430"", ""169602941"", ""128970500"", ""202371466"", ""188889120"", ""172512012"", ""195309442"", ""210449055""]","['202371479', '134313611', '186724430', '169602941', '128970500', '202371466', '188889120', '172512012', '195309442', '210449055']","16.4° C, Retro-Chic Rainy Day Vibes with a Pop of Color",,,,16.4,mild,unknown,32,No-occasion -> Proposed,occasion,,,,,42.0,0.0,"[""202371479"", ""202488918"", ""186724430"", ""84381800"", ""134313611"", ""209631907"", ""202371466"", ""194136520"", ""200077838"", ""128970500""]","['202371479', '202488918', '186724430', '84381800', '134313611', '209631907', '202371466', '194136520', '200077838', '128970500']",,,,
2||223771701||212690484,2,223771701,212690484,46,,,,,7,1,"[""114169237"", ""160764333"", ""195201064"", ""48707996"", ""136576031"", ""204544735"", ""212690484"", ""137046920"", ""118565908"", ""78347549""]","['114169237', '160764333', '195201064', '48707996', '136576031', '204544735', '212690484', '137046920', '118565908', '78347549']","5.4° C, Effortless sushi date chic with layered warmth and a touch of cool.",,,,5.4,cold,date,30,No-occasion -> Proposed,occasion,,,,,37.0,0.0,"[""160764333"", ""118565908"", ""172035206"", ""129112756"", ""195201064"", ""114169237"", ""160699239"", ""103963518"", ""162224700"", ""158102584""]","['160764333', '118565908', '172035206', '129112756', '195201064', '114169237', '160699239', '103963518', '162224700', '158102584']",,,,
4||224188768||209144226,4,224188768,209144226,4,,,,,3,1,"[""49499187"", ""206288267"", ""209144226"", ""196120491"", ""131037236"", ""186229725"", ""207100046"", ""104705407"", ""211253445"", ""195503105""]","['49499187', '206288267', '209144226', '196120491', '131037236', '186229725', '207100046', '104705407', '211253445', '195503105']","26.2° C, Effortless Summer Wedding Style with a Pop of Citrus",,,,26.2,warm,formal,1185,No-style -> Proposed,style,,,,,,,,,1188.0,0.0,"[""211385428"", ""206182205"", ""177825434"", ""177056777"", ""207322592"", ""195082708"", ""198666490"", ""202705628"", ""198109739"", ""185880119""]","['211385428', '206182205', '177825434', '177056777', '207322592', '195082708', '198666490', '202705628', '198109739', '185880119']"
3||224188768||209144226,3,224188768,209144226,4,,,,,4,1,"[""211253445"", ""196120491"", ""207100046"", ""209144226"", ""206288267"", ""158071475"", ""118512173"", ""153116755"", ""183552560"", ""136928342""]","['211253445', '196120491', '207100046', '209144226', '206288267', '158071475', '118512173', '153116755', '183552560', '136928342']","26.2° C, Effortless Summer Wedding Style with a Pop of Citrus",,,,26.2,warm,formal,1040,No-style -> Proposed,style,,,,,,,,,1044.0,0.0,"[""202705628"", ""180843726"", ""183731112"", ""212591356"", ""211385428"", ""201211887"", ""191147915"", ""185880119"", ""191246391"", ""198666490""]","['202705628', '180843726', '183731112', '212591356', '211385428', '201211887', '191147915', '185880119', '191246391', '198666490']"
1||224188768||209144226,1,224188768,209144226,4,,,,,2,1,"[""196120491"", ""209144226"", ""207100046"", ""141715949"", ""196270392"", ""206288267"", ""189167291"", ""186229725"", ""207791923"", ""159400456""]","['196120491', '209144226', '207100046', '141715949', '196270392', '206288267', '189167291', '186229725', '207791923', '159400456']","26.2° C, Effortless Summer Wedding Style with a Pop of Citrus",,,,26.2,warm,formal,826,No-style -> Proposed,style,,,,,,,,,828.0,0.0,"[""211385428"", ""177825434"", ""207791923"", ""177056777"", ""183764775"", ""215198902"", ""191033158"", ""210643102"", ""180843726"", ""207322592""]","['211385428', '177825434', '207791923', '177056777', '183764775', '215198902', '191033158', '210643102', '180843726', '207322592']"
2||224188768||209144226,2,224188768,209144226,4,,,,,7,1,"[""207100046"", ""196120491"", ""180856744"", ""191564735"", ""206288267"", ""186229725"", ""209144226"", ""141715949"", ""210497898"", ""136928342""]","['207100046', '196120491', '180856744', '191564735', '206288267', '186229725', '209144226', '141715949', '210497898', '136928342']","26.2° C, Effortless Summer Wedding Style with a Pop of Citrus",,,,26.2,warm,formal,818,No-style -> Proposed,style,,,,,,,,,825.0,0.0,"[""191246391"", ""180843726"", ""210484477"", ""210643102"", ""191033158"", ""198351115"", ""189167291"", ""110299661"", ""211385428"", ""168099979""]","['191246391', '180843726', '210484477', '210643102', '191033158', '198351115', '189167291', '110299661', '211385428', '168099979']"
3||148636912||122818220,3,148636912,122818220,43,,,,,2,1,"[""210749623"", ""122818220"", ""161006735"", ""82639586"", ""101892709"", ""139778348"", ""190193667"", ""121257283"", ""129913139"", ""161725098""]","['210749623', '122818220', '161006735', '82639586', '101892709', '139778348', '190193667', '121257283', '129913139', '161725098']","25.1° C, Effortless evening elegance with a rich burgundy hue and a touch of classic sophistication.",,,,25.1,warm,school,808,No-style -> Proposed,style,,,,,,,,,810.0,0.0,"[""129748527"", ""75839769"", ""38841821"", ""153170041"", ""90355123"", ""188810945"", ""115645977"", ""67021588"", ""183687457"", ""103931815""]","['129748527', '75839769', '38841821', '153170041', '90355123', '188810945', '115645977', '67021588', '183687457', '103931815']"
4||148636912||122818220,4,148636912,122818220,43,,,,,1,1,"[""122818220"", ""161006735"", ""93370908"", ""188690647"", ""89602786"", ""164173391"", ""141872568"", ""151954619"", ""188378226"", ""189516243""]","['122818220', '161006735', '93370908', '188690647', '89602786', '164173391', '141872568', '151954619', '188378226', '189516243']","25.1° C, Effortless evening elegance with a rich burgundy hue and a touch of classic sophistication.",,,,25.1,warm,school,760,No-style -> Proposed,style,,,,,,,,,761.0,0.0,"[""193281522"", ""188468452"", ""38841821"", ""75839769"", ""189516243"", ""50216046"", ""118484592"", ""114763824"", ""159816013"", ""182659497""]","['193281522', '188468452', '38841821', '75839769', '189516243', '50216046', '118484592', '114763824', '159816013', '182659497']"
5||224188768||209144226,5,224188768,209144226,4,,,,,3,1,"[""196120491"", ""207100046"", ""209144226"", ""211253445"", ""49499187"", ""195503105"", ""206288267"", ""200027218"", ""159400456"", ""207099245""]","['196120491', '207100046', '209144226', '211253445', '49499187', '195503105', '206288267', '200027218', '159400456', '207099245']","26.2° C, Effortless Summer Wedding Style with a Pop of Citrus",,,,26.2,warm,formal,625,No-style -> Proposed,style,,,,,,,,,628.0,0.0,"[""211385428"", ""212591356"", ""183764775"", ""207791923"", ""191316160"", ""210484477"", ""191147915"", ""198666490"", ""82655238"", ""180843726""]","['211385428', '212591356', '183764775', '207791923', '191316160', '210484477', '191147915', '198666490', '82655238', '180843726']"
4||221454647||204823121,4,221454647,204823121,46,,,,,10,1,"[""153459843"", ""202822668"", ""144865911"", ""213130291"", ""201015003"", ""214729100"", ""210734819"", ""204100293"", ""208712486"", ""204823121""]","['153459843', '202822668', '144865911', '213130291', '201015003', '214729100', '210734819', '204100293', '208712486', '204823121']","19.8° C, Romantic Rose Evening Look with Flowing Dress and Delicate Jewelry",,,,19.8,mild,date,556,No-style -> Proposed,style,,,,,,,,,566.0,0.0,"[""213296616"", ""208062801"", ""205019069"", ""205239580"", ""203915067"", ""173634775"", ""77518021"", ""77851096"", ""209924155"", ""144865911""]","['213296616', '208062801', '205019069', '205239580', '203915067', '173634775', '77518021', '77851096', '209924155', '144865911']"
3||194817964||167658682,3,194817964,167658682,4,,,,,3,1,"[""207099526"", ""195490349"", ""167658682"", ""173008557"", ""171159402"", ""201065368"", ""162346539"", ""155908916"", ""78396407"", ""195526680""]","['207099526', '195490349', '167658682', '173008557', '171159402', '201065368', '162346539', '155908916', '78396407', '195526680']","22.3° C, Retro Picnic Chic – A playful red and white gingham dress with heels and sunglasses for a warm-weather celebration.",,,,22.3,warm,outdoor,460,No-style -> Proposed,style,,,,,,,,,463.0,0.0,"[""162346539"", ""207099526"", ""155908916"", ""179585446"", ""194898252"", ""207099729"", ""177857518"", ""191307999"", ""199457148"", ""183433217""]","['162346539', '207099526', '155908916', '179585446', '194898252', '207099729', '177857518', '191307999', '199457148', '183433217']"
4||179696580||145696871,4,179696580,145696871,37,,,,,8,1,"[""78200756"", ""33534621"", ""191060958"", ""144080332"", ""146996413"", ""105274553"", ""153538224"", ""145696871"", ""100819191"", ""204633870""]","['78200756', '33534621', '191060958', '144080332', '146996413', '105274553', '153538224', '145696871', '100819191', '204633870']","19.7° C, Boho-Chic Festival Vibes with Fringed Details",,,,19.7,mild,unknown,436,No-style -> Proposed,style,,,,,,,,,444.0,0.0,"[""126554078"", ""136461731"", ""105274553"", ""191060958"", ""194553077"", ""158117230"", ""153538224"", ""182254392"", ""169268977"", ""186986472""]","['126554078', '136461731', '105274553', '191060958', '194553077', '158117230', '153538224', '182254392', '169268977', '186986472']"
2||205419462||160127507,2,205419462,160127507,37,,,,,10,1,"[""16898206"", ""143865659"", ""121206303"", ""51749408"", ""122748929"", ""104986974"", ""165767706"", ""188918346"", ""193646222"", ""160127507""]","['16898206', '143865659', '121206303', '51749408', '122748929', '104986974', '165767706', '188918346', '193646222', '160127507']","10.0° C, edgy concert chic with a dark, dramatic vibe and a touch of grunge.",,,,10.0,cold,unknown,416,No-style -> Proposed,style,,,,,,,,,426.0,0.0,"[""191060958"", ""118291817"", ""110765869"", ""143825144"", ""100015328"", ""187837794"", ""103731169"", ""111465088"", ""117257931"", ""168870168""]","['191060958', '118291817', '110765869', '143825144', '100015328', '187837794', '103731169', '111465088', '117257931', '168870168']"
2||205922590||191564735,2,205922590,191564735,4,,,,,2,1,"[""185967985"", ""191564735"", ""191632128"", ""75168847"", ""157346101"", ""186775950"", ""171876720"", ""185556523"", ""204906643"", ""194644230""]","['185967985', '191564735', '191632128', '75168847', '157346101', '186775950', '171876720', '185556523', '204906643', '194644230']","24.5° C, Bold clogs and a vibrant summer dress for a playful afternoon out",,,,24.5,warm,unknown,393,No-style -> Proposed,style,,,,,,,,,395.0,0.0,"[""164653181"", ""193026353"", ""115483149"", ""126128930"", ""161216205"", ""203940118"", ""139418370"", ""185967985"", ""204906643"", ""136474102""]","['164653181', '193026353', '115483149', '126128930', '161216205', '203940118', '139418370', '185967985', '204906643', '136474102']"
