id,original_score,repeat_score,abs_diff,within_0_05,within_0_10
224431747,0.6818181818181818,0.6818181818181818,0.0,True,True
200634813,0.8181818181818182,0.8181818181818182,0.0,True,True
217170387,1.0,1.0,0.0,True,True
217265461,1.0,1.0,0.0,True,True
220009793,1.0,1.0,0.0,True,True
221792629,0.36363636363636365,0.36363636363636365,0.0,True,True
220207604,0.7727272727272727,0.7727272727272727,0.0,True,True
222921695,0.9545454545454546,0.9545454545454546,0.0,True,True
218915323,0.7272727272727273,0.7272727272727273,0.0,True,True
216626064,1.0,1.0,0.0,True,True
224030595,1.0,1.0,0.0,True,True
130652996,0.6363636363636364,0.6363636363636364,0.0,True,True
187656309,0.7272727272727273,0.7272727272727273,0.0,True,True
210752025,0.7272727272727273,0.7272727272727273,0.0,True,True
220428687,0.8181818181818182,0.8181818181818182,0.0,True,True
206867893,0.7272727272727273,0.7272727272727273,0.0,True,True
203848509,0.9545454545454546,0.9545454545454546,0.0,True,True
194787263,0.8181818181818182,0.8181818181818182,0.0,True,True
216803657,0.6363636363636364,0.6363636363636364,0.0,True,True
218843935,1.0,1.0,0.0,True,True
109340384,0.6363636363636364,0.6363636363636364,0.0,True,True
219096188,1.0,1.0,0.0,True,True
222937193,0.7727272727272727,0.7727272727272727,0.0,True,True
48390120,0.9545454545454546,0.9545454545454546,0.0,True,True
62096161,1.0,1.0,0.0,True,True
210638722,1.0,1.0,0.0,True,True
223257417,1.0,1.0,0.0,True,True
219427099,1.0,1.0,0.0,True,True
217562916,0.6818181818181818,0.6818181818181818,0.0,True,True
219651721,0.5454545454545454,0.5454545454545454,0.0,True,True
115865776,0.8181818181818182,0.8181818181818182,0.0,True,True
221676904,0.6818181818181818,0.7272727272727273,0.045454545454545525,True,True
215480088,0.7272727272727273,0.7272727272727273,0.0,True,True
199812238,0.8181818181818182,0.8181818181818182,0.0,True,True
203701093,0.6363636363636364,0.6363636363636364,0.0,True,True
197776224,1.0,1.0,0.0,True,True
162934030,0.8181818181818182,0.8181818181818182,0.0,True,True
224432212,0.6363636363636364,0.6363636363636364,0.0,True,True
79793609,0.8181818181818182,0.8181818181818182,0.0,True,True
214457602,0.22727272727272727,0.22727272727272727,0.0,True,True
211924386,1.0,1.0,0.0,True,True
187441994,1.0,1.0,0.0,True,True
198279950,0.9545454545454546,0.9545454545454546,0.0,True,True
193247203,0.7272727272727273,0.7272727272727273,0.0,True,True
223914427,0.6818181818181818,0.6818181818181818,0.0,True,True
207080618,1.0,1.0,0.0,True,True
207450737,1.0,1.0,0.0,True,True
195981777,1.0,1.0,0.0,True,True
221838394,1.0,1.0,0.0,True,True
219894311,1.0,1.0,0.0,True,True
218686950,1.0,1.0,0.0,True,True
222353192,1.0,1.0,0.0,True,True
66428730,0.6363636363636364,0.6363636363636364,0.0,True,True
213794319,0.8181818181818182,0.8181818181818182,0.0,True,True
174146464,0.9545454545454546,0.9545454545454546,0.0,True,True
208102255,0.7727272727272727,0.7727272727272727,0.0,True,True
154401608,0.6818181818181818,0.6818181818181818,0.0,True,True
151788892,0.8181818181818182,0.8181818181818182,0.0,True,True
80216269,0.6818181818181818,0.6818181818181818,0.0,True,True
220290524,0.7272727272727273,0.7272727272727273,0.0,True,True
191176829,0.9545454545454546,1.0,0.045454545454545414,True,True
207927899,0.6818181818181818,0.6818181818181818,0.0,True,True
39235629,0.7272727272727273,0.7272727272727273,0.0,True,True
180172582,0.45454545454545453,0.5,0.04545454545454547,True,True
220488459,1.0,1.0,0.0,True,True
205695107,0.8181818181818182,0.8181818181818182,0.0,True,True
214901901,0.9545454545454546,0.9545454545454546,0.0,True,True
202949535,1.0,1.0,0.0,True,True
221451573,0.7272727272727273,0.7272727272727273,0.0,True,True
224660313,1.0,1.0,0.0,True,True
222483996,0.9545454545454546,0.9545454545454546,0.0,True,True
186570923,0.8181818181818182,0.8181818181818182,0.0,True,True
222962133,1.0,1.0,0.0,True,True
156318640,1.0,1.0,0.0,True,True
198053012,0.5454545454545454,0.5454545454545454,0.0,True,True
217635422,0.9545454545454546,0.9545454545454546,0.0,True,True
222075364,0.9545454545454546,0.9545454545454546,0.0,True,True
137658341,0.8181818181818182,0.8181818181818182,0.0,True,True
106018593,0.7272727272727273,0.7272727272727273,0.0,True,True
223125121,1.0,1.0,0.0,True,True
200571742,1.0,1.0,0.0,True,True
132129643,0.6818181818181818,0.6818181818181818,0.0,True,True
101706709,0.7272727272727273,0.7272727272727273,0.0,True,True
171691911,1.0,1.0,0.0,True,True
207839334,1.0,1.0,0.0,True,True
183149475,0.6818181818181818,0.6818181818181818,0.0,True,True
213260106,1.0,1.0,0.0,True,True
181960054,0.5,0.5,0.0,True,True
224362684,0.36363636363636365,0.36363636363636365,0.0,True,True
212255435,0.8181818181818182,0.8181818181818182,0.0,True,True
206749970,0.9545454545454546,0.9545454545454546,0.0,True,True
218971127,0.9545454545454546,0.9545454545454546,0.0,True,True
211298086,1.0,1.0,0.0,True,True
199270326,0.9545454545454546,0.8636363636363636,0.09090909090909094,False,True
219151739,1.0,1.0,0.0,True,True
220211495,1.0,1.0,0.0,True,True
175331456,0.8181818181818182,0.8181818181818182,0.0,True,True
211889473,0.4090909090909091,0.4090909090909091,0.0,True,True
109798647,1.0,1.0,0.0,True,True
216363219,1.0,1.0,0.0,True,True
189386727,0.7727272727272727,0.7727272727272727,0.0,True,True
211173265,0.5454545454545454,0.5454545454545454,0.0,True,True
223018652,0.8181818181818182,0.8181818181818182,0.0,True,True
119124667,0.7272727272727273,0.7272727272727273,0.0,True,True
184065971,1.0,1.0,0.0,True,True
180853636,0.7727272727272727,0.7727272727272727,0.0,True,True
54901010,1.0,1.0,0.0,True,True
223144333,1.0,1.0,0.0,True,True
225291613,0.36363636363636365,0.36363636363636365,0.0,True,True
223584982,0.45454545454545453,0.7272727272727273,0.27272727272727276,False,False
223180959,0.7272727272727273,0.7272727272727273,0.0,True,True
222529321,0.9545454545454546,0.9545454545454546,0.0,True,True
129241667,0.8181818181818182,0.8181818181818182,0.0,True,True
212308181,1.0,1.0,0.0,True,True
212318389,0.6363636363636364,0.6363636363636364,0.0,True,True
222582601,1.0,1.0,0.0,True,True
188682824,0.7272727272727273,0.7272727272727273,0.0,True,True
128204755,1.0,1.0,0.0,True,True
196289523,1.0,1.0,0.0,True,True
185743843,0.6818181818181818,0.6818181818181818,0.0,True,True
224906395,1.0,1.0,0.0,True,True
197622540,0.8181818181818182,0.8181818181818182,0.0,True,True
213721192,0.7272727272727273,0.7272727272727273,0.0,True,True
219618267,1.0,1.0,0.0,True,True
216361571,0.7272727272727273,0.7272727272727273,0.0,True,True
220983046,1.0,1.0,0.0,True,True
207144471,1.0,1.0,0.0,True,True
77686060,0.9545454545454546,0.9545454545454546,0.0,True,True
140491445,0.8181818181818182,0.8181818181818182,0.0,True,True
94421637,0.8181818181818182,0.8181818181818182,0.0,True,True
206585545,1.0,1.0,0.0,True,True
222102139,0.9545454545454546,0.9545454545454546,0.0,True,True
222027630,0.5,0.5,0.0,True,True
222287400,0.9545454545454546,0.9545454545454546,0.0,True,True
124349927,0.7272727272727273,0.7272727272727273,0.0,True,True
223666148,0.6818181818181818,0.6818181818181818,0.0,True,True
223520106,1.0,1.0,0.0,True,True
213092859,1.0,1.0,0.0,True,True
217902820,1.0,1.0,0.0,True,True
218895936,1.0,1.0,0.0,True,True
180225208,1.0,1.0,0.0,True,True
205947475,0.5909090909090909,0.5909090909090909,0.0,True,True
219654759,1.0,1.0,0.0,True,True
222617439,1.0,0.9090909090909091,0.09090909090909094,False,True
50449178,0.7727272727272727,0.7727272727272727,0.0,True,True
211385736,0.7272727272727273,0.8636363636363636,0.13636363636363635,False,False
221126122,1.0,1.0,0.0,True,True
182755896,0.7272727272727273,0.7272727272727273,0.0,True,True
186535024,0.9545454545454546,0.9545454545454546,0.0,True,True
205652281,0.9545454545454546,0.9545454545454546,0.0,True,True
