Task,Metric,Factor,Proposed_mean,Proposed_std,NoFactor_mean,NoFactor_std,Delta_mean_NoFactor_minus_Proposed,p_raw,signif,cohens_dz,paired_seeds
CIR,Recall@10,weather,0.07534965034965034,0.00430506376730555,0.0754079254079254,0.0033565118304974837,5.827505827506185e-05,0.9829673708646506,n.s.,0.0101573892364175,"1,2,3,4,5"
CIR,Recall@10,occasion,0.07534965034965034,0.00430506376730555,0.07902097902097902,0.001190723586346303,0.0036713286713286747,0.18665422347698615,n.s.,0.71185304594201,"1,2,3,4,5"
CIR,Recall@10,style,0.07534965034965034,0.00430506376730555,0.06474358974358975,0.005744602609129962,-0.010606060606060601,0.0006303773204116027,***,-4.341339214291131,"1,2,3,4,5"
CIR,Recall@30,weather,0.16934731934731934,0.004599670690133128,0.16923076923076924,0.006345027309088414,-0.0001165501165501237,0.948494861652664,n.s.,-0.03074195710681666,"1,2,3,4,5"
CIR,Recall@30,occasion,0.16934731934731934,0.004599670690133128,0.17103729603729603,0.004079254079254077,0.00168997668997668,0.5869103342703246,n.s.,0.26385451540197746,"1,2,3,4,5"
CIR,Recall@30,style,0.16934731934731934,0.004599670690133128,0.1460955710955711,0.008057988819321023,-0.023251748251748257,0.00881588073556301,**,-2.1348806596298844,"1,2,3,4,5"
CIR,Recall@50,weather,0.23082750582750583,0.006571788674912418,0.236013986013986,0.004161671578404926,0.005186480186480191,0.07107073615759428,n.s.,1.0920039897302358,"1,2,3,4,5"
CIR,Recall@50,occasion,0.23082750582750583,0.006571788674912418,0.23496503496503496,0.0029899705203648725,0.004137529137529139,0.2757344823544835,n.s.,0.5640875192443177,"1,2,3,4,5"
CIR,Recall@50,style,0.23082750582750583,0.006571788674912418,0.20442890442890443,0.01055928940340619,-0.026398601398601403,0.01663123337478164,*,-1.7724545758678856,"1,2,3,4,5"
